Unity Editor version:    6000.3.8f1 (1c7db571dde0)
Branch:                  6000.3/staging
Build type:              Release
Batch mode:              YES
macOS version:           Version 26.3 (Build 25D125)
Darwin version:          25.3.0
Architecture:            arm64
Running under Rosetta:   NO
Available memory:        16384 MB
Date:                    2026-05-11T22:55:39Z
[Licensing::Module] Trying to connect to existing licensing client channel...
[Licensing::IpcConnector] Successfully connected to: "LicenseClient-sopirm" at "2026-05-11T22:55:39.206248Z"

COMMAND LINE ARGUMENTS:
/Applications/Unity/Hub/Editor/6000.3.8f1/Unity.app/Contents/MacOS/Unity
-adb2
-batchMode
-noUpm
-name
AssetImportWorker1
-projectPath
/Users/sopirm/ProgramProjects/GolfWHill
-logFile
Logs/AssetImportWorker1.log
-srvPort
53644
-licensingIpc
LicenseClient-sopirm
-job-worker-count
4
-background-job-worker-count
8
-gc-helper-count
1
-name AssetImport
Successfully changed project path to: /Users/sopirm/ProgramProjects/GolfWHill
/Users/sopirm/ProgramProjects/GolfWHill
[UnityMemory] Configuration Parameters - Can be set up in boot.config
    "memorysetup-allocator-temp-initial-block-size-main=262144"
    "memorysetup-allocator-temp-initial-block-size-worker=262144"
    "memorysetup-temp-allocator-size-background-worker=32768"
    "memorysetup-temp-allocator-size-job-worker=262144"
    "memorysetup-temp-allocator-size-preload-manager=33554432"
    "memorysetup-temp-allocator-size-nav-mesh-worker=65536"
    "memorysetup-temp-allocator-size-audio-worker=65536"
    "memorysetup-temp-allocator-size-cloud-worker=32768"
    "memorysetup-bucket-allocator-granularity=16"
    "memorysetup-bucket-allocator-bucket-count=8"
    "memorysetup-bucket-allocator-block-size=33554432"
    "memorysetup-bucket-allocator-block-count=8"
    "memorysetup-main-allocator-block-size=16777216"
    "memorysetup-thread-allocator-block-size=16777216"
    "memorysetup-gfx-main-allocator-block-size=16777216"
    "memorysetup-gfx-thread-allocator-block-size=16777216"
    "memorysetup-cache-allocator-block-size=4194304"
    "memorysetup-typetree-allocator-block-size=2097152"
    "memorysetup-profiler-bucket-allocator-granularity=16"
    "memorysetup-profiler-bucket-allocator-bucket-count=8"
    "memorysetup-profiler-bucket-allocator-block-size=33554432"
    "memorysetup-profiler-bucket-allocator-block-count=8"
    "memorysetup-profiler-allocator-block-size=16777216"
    "memorysetup-profiler-editor-allocator-block-size=1048576"
    "memorysetup-temp-allocator-size-main=16777216"
    "memorysetup-job-temp-allocator-block-size=2097152"
    "memorysetup-job-temp-allocator-block-size-background=1048576"
    "memorysetup-job-temp-allocator-reduction-small-platforms=262144"
    "memorysetup-temp-allocator-size-gi-baking-worker=262144"
    "memorysetup-temp-allocator-size-gi-baking-worker=262144"
    "memorysetup-temp-allocator-size-gi-baking-worker=262144"
    "memorysetup-temp-allocator-size-gi-baking-worker=262144"
    "memorysetup-temp-allocator-size-gi-baking-worker=262144"
    "memorysetup-temp-allocator-size-gfx=262144"
Player connection [8343974016]  Target information:

Player connection [8343974016]  * "[IP] 192.168.1.2 [Port] 0 [Flags] 2 [Guid] 1701111762 [EditorId] 1701111762 [Version] 1048832 [Id] OSXEditor(0,MacBook-Pro-Maks.local) [Debug] 1 [PackageName] OSXEditor [ProjectName] Editor" 

Player connection [8343974016]  * "[IP] 198.18.0.1 [Port] 0 [Flags] 2 [Guid] 1701111762 [EditorId] 1701111762 [Version] 1048832 [Id] OSXEditor(0,MacBook-Pro-Maks.local) [Debug] 1 [PackageName] OSXEditor [ProjectName] Editor" 

Player connection [8343974016] Host joined multi-casting on [225.0.0.222:54997]...
Player connection [8343974016] Host joined alternative multi-casting on [225.0.0.222:34997]...
JobSystem: Creating JobQueue using job-worker-count value 4
Input System module state changed to: Initialized.
[Physics::Module] Initialized fallback backend.
[Physics::Module] Id: 0xdecafbad
Library Redirect Path: Library/
[Physics::Module] Selected backend.
[Physics::Module] Name: PhysX
[Physics::Module] Id: 0xf2b8ea05
[Physics::Module] SDK Version: 4.1.2
[Physics::Module] Integration Version: 1.0.0
[Physics::Module] Threading Mode: Multi-Threaded
Refreshing native plugins compatible for Editor in 1.88 ms, found 1 plugins.
Preloading 0 native plugins for Editor in 0.00 ms.
Initialize engine version: 6000.3.8f1 (1c7db571dde0)
[Subsystems] Discovering subsystems at path /Applications/Unity/Hub/Editor/6000.3.8f1/Unity.app/Contents/Resources/UnitySubsystems
[Subsystems] Discovering subsystems at path /Users/sopirm/ProgramProjects/GolfWHill/Assets
GfxDevice: creating device client; kGfxThreadingModeNonThreaded
 preferred device: Apple M5 (high power)
Metal devices available: 1
0: Apple M5 (high power)
Using device Apple M5 (high power)
Initializing Metal device caps: Apple M5
Mac GPU Family: 2
Apple GPU Family: 9
MSL Version: 3.0
Has Float MSAA: 1
Has Float Filtering: 1
ReadWrite Texture Tier: 2
Initialize mono
Mono path[0] = '/Applications/Unity/Hub/Editor/6000.3.8f1/Unity.app/Contents/Resources/Scripting/Managed'
Mono path[1] = '/Applications/Unity/Hub/Editor/6000.3.8f1/Unity.app/Contents/Resources/Scripting/MonoBleedingEdge/lib/mono/unityjit-macos'
Mono config path = '/Applications/Unity/Hub/Editor/6000.3.8f1/Unity.app/Contents/Resources/Scripting/MonoBleedingEdge/etc'
Using monoOptions --debugger-agent=transport=dt_socket,embedding=1,server=y,suspend=n,address=127.0.0.1:56767
Begin MonoManager ReloadAssembly
Registering precompiled unity dll's ...
Register platform support module: /Applications/Unity/Hub/Editor/6000.3.8f1/Unity.app/Contents/PlaybackEngines/MacStandaloneSupport/UnityEditor.OSXStandalone.Extensions.dll
Registered in 0.000775 seconds.
- Loaded All Assemblies, in  0.251 seconds
Native extension for OSXStandalone target not found
ScheduleIndexationOnStartup MainProcess:False IndexOnStartup:True
Mono: successfully reloaded assembly
- Finished resetting the current domain, in  0.289 seconds
Domain Reload Profiling: 540ms
	BeginReloadAssembly (109ms)
		ExecutionOrderSort (0ms)
		DisableScriptedObjects (0ms)
		BackupInstance (0ms)
		ReleaseScriptingObjects (0ms)
		CreateAndSetChildDomain (1ms)
	RebuildCommonClasses (19ms)
	RebuildNativeTypeToScriptingClass (7ms)
	initialDomainReloadingComplete (23ms)
	LoadAllAssembliesAndSetupDomain (93ms)
		LoadAssemblies (109ms)
		RebuildTransferFunctionScriptingTraits (0ms)
		AnalyzeDomain (91ms)
			TypeCache.Refresh (90ms)
				TypeCache.ScanAssembly (82ms)
			BuildScriptInfoCaches (0ms)
			ResolveRequiredComponents (0ms)
	FinalizeReload (289ms)
		ReleaseScriptCaches (0ms)
		RebuildScriptCaches (0ms)
		SetupLoadedEditorAssemblies (262ms)
			LogAssemblyErrors (0ms)
			InitializePlatformSupportModulesInManaged (21ms)
			SetLoadedEditorAssemblies (3ms)
			BeforeProcessingInitializeOnLoad (75ms)
			ProcessInitializeOnLoadAttributes (111ms)
			ProcessInitializeOnLoadMethodAttributes (53ms)
			AfterProcessingInitializeOnLoad (0ms)
			EditorAssembliesLoaded (0ms)
		ExecutionOrderSort2 (0ms)
		AwakeInstancesAfterBackupRestoration (0ms)
[CoreBusinessMetrics] Unexpected thread when updating session info.
========================================================================
Worker process is ready to serve import requests
Import Worker Mode flag is 0x00
[Licensing::Client] Handshaking with LicensingClient:
  Version:                 1.17.4+4293ba1
  Session Id:              f729c2dc7bb5463c8415bd0fe503d32d
  Correlation Id:          14041dee666d12ed1fcd95a9fca4c45c
  External correlation Id: 8536339738180961983
  Machine Id:              ddpRgiPHpQ1VYkTtLACzcj+6MRk=
[Licensing::Module] Successfully connected to LicensingClient on channel: "LicenseClient-sopirm" (connect: 0.00s, validation: 0.00s, handshake: 1.10s)
[Licensing::IpcConnector] Successfully connected to: "LicenseClient-sopirm-notifications" at "2026-05-11T22:55:40.306779Z"
[Licensing::Module] Licensing Background thread has ended after 1.10s
Begin MonoManager ReloadAssembly
[Licensing::Client] Successfully resolved entitlement details
[Licensing::Module] License group:
  Id: 10170591166266-UnityPersXXXX
  Product: Unity Personal
  Type: Assigned
  Expiration: Unlimited
- Loaded All Assemblies, in  0.414 seconds
Refreshing native plugins compatible for Editor in 0.15 ms, found 1 plugins.
Native extension for OSXStandalone target not found
Package Manager log level set to [2]
[Package Manager] Failed to launch server process. Reason: Unity was launched with the -noUpm command-line argument
[Package Manager] Unable to send message (not connected to server process).
[Package Manager] Cannot connect to Unity Package Manager local server
System.Exception: Error! Visual Scripting: couldn't find visual scripting package
  at Unity.VisualScripting.PackageVersionUtility.get_version () [0x00043] in ./Library/PackageCache/com.unity.visualscripting@191c0d7e3b69/Editor/VisualScripting.Core/Utilities/PackageVersionUtility.cs:31 
  at Unity.VisualScripting.BoltCoreManifest.get_version () [0x00000] in ./Library/PackageCache/com.unity.visualscripting@191c0d7e3b69/Editor/VisualScripting.Core/Plugin/BoltCoreManifest.cs:11 
  at Unity.VisualScripting.PluginManifest.get_currentVersion () [0x00000] in ./Library/PackageCache/com.unity.visualscripting@191c0d7e3b69/Editor/VisualScripting.Core/Plugins/PluginManifest.cs:33 
  at Unity.VisualScripting.PluginManifest.get_versionMismatch () [0x00000] in ./Library/PackageCache/com.unity.visualscripting@191c0d7e3b69/Editor/VisualScripting.Core/Plugins/PluginManifest.cs:48 
  at Unity.VisualScripting.PluginContainer.Initialize () [0x00525] in ./Library/PackageCache/com.unity.visualscripting@191c0d7e3b69/Editor/VisualScripting.Core/Plugins/PluginContainer.cs:208 
  at Unity.VisualScripting.PluginContainer.InitializeOnLoad () [0x00009] in ./Library/PackageCache/com.unity.visualscripting@191c0d7e3b69/Editor/VisualScripting.Core/Plugins/PluginContainer.cs:32 
  at Unity.VisualScripting.VSUsageUtility.DoInitializeOnLoadCalls () [0x00034] in ./Library/PackageCache/com.unity.visualscripting@191c0d7e3b69/Editor/VisualScripting.Core/Utilities/VSUsageUtility.cs:76 
  at Unity.VisualScripting.VSUsageUtility.set_isVisualScriptingUsed (System.Boolean value) [0x0002c] in ./Library/PackageCache/com.unity.visualscripting@191c0d7e3b69/Editor/VisualScripting.Core/Utilities/VSUsageUtility.cs:114 
  at Unity.VisualScripting.VSUsageUtility.CheckAndSetIsVisualScriptingUsed () [0x00032] in ./Library/PackageCache/com.unity.visualscripting@191c0d7e3b69/Editor/VisualScripting.Core/Utilities/VSUsageUtility.cs:48 
  at Unity.VisualScripting.VSUsageUtility..cctor () [0x00000] in ./Library/PackageCache/com.unity.visualscripting@191c0d7e3b69/Editor/VisualScripting.Core/Utilities/VSUsageUtility.cs:22 
UnityEngine.Debug:ExtractStackTraceNoAlloc (byte*,int,string)
UnityEngine.StackTraceUtility:ExtractStackTrace () (at /Users/bokken/build/output/unity/unity/Runtime/Export/Scripting/StackTrace.cs:35)
UnityEngine.DebugLogHandler:Internal_Log (UnityEngine.LogType,UnityEngine.LogOption,string,UnityEngine.Object)
UnityEngine.DebugLogHandler:LogFormat (UnityEngine.LogType,UnityEngine.Object,string,object[])
UnityEngine.Logger:Log (UnityEngine.LogType,object)
UnityEngine.Debug:LogError (object)
UnityEditor.EditorAssemblies:ProcessInitializeOnLoadAttributes (System.Type[]) (at /Users/bokken/build/output/unity/unity/Editor/Mono/EditorAssemblies.cs:132)

(Filename: /Users/bokken/build/output/unity/unity/Editor/Mono/EditorAssemblies.cs Line: 132)

ScheduleIndexationOnStartup MainProcess:False IndexOnStartup:True
Mono: successfully reloaded assembly
- Finished resetting the current domain, in  0.594 seconds
Domain Reload Profiling: 1009ms
	BeginReloadAssembly (69ms)
		ExecutionOrderSort (0ms)
		DisableScriptedObjects (3ms)
		BackupInstance (0ms)
		ReleaseScriptingObjects (0ms)
		CreateAndSetChildDomain (14ms)
	RebuildCommonClasses (16ms)
	RebuildNativeTypeToScriptingClass (7ms)
	initialDomainReloadingComplete (15ms)
	LoadAllAssembliesAndSetupDomain (307ms)
		LoadAssemblies (209ms)
		RebuildTransferFunctionScriptingTraits (0ms)
		AnalyzeDomain (129ms)
			TypeCache.Refresh (87ms)
				TypeCache.ScanAssembly (74ms)
			BuildScriptInfoCaches (36ms)
			ResolveRequiredComponents (4ms)
	FinalizeReload (595ms)
		ReleaseScriptCaches (0ms)
		RebuildScriptCaches (0ms)
		SetupLoadedEditorAssemblies (514ms)
			LogAssemblyErrors (0ms)
			InitializePlatformSupportModulesInManaged (1ms)
			SetLoadedEditorAssemblies (2ms)
			BeforeProcessingInitializeOnLoad (90ms)
			ProcessInitializeOnLoadAttributes (393ms)
			ProcessInitializeOnLoadMethodAttributes (27ms)
			AfterProcessingInitializeOnLoad (1ms)
			EditorAssembliesLoaded (0ms)
		ExecutionOrderSort2 (0ms)
		AwakeInstancesAfterBackupRestoration (2ms)
WARNING: Shader Unsupported: 'Universal Render Pipeline/VR/SpatialMapping/Wireframe' - All subshaders removed
WARNING: Shader Did you use #pragma only_renderers and omit this platform?
WARNING: Shader If subshaders removal was intentional, you may have forgotten turning Fallback off?
WARNING: Shader Unsupported: 'Universal Render Pipeline/VR/SpatialMapping/Wireframe' - All subshaders removed
WARNING: Shader Did you use #pragma only_renderers and omit this platform?
WARNING: Shader If subshaders removal was intentional, you may have forgotten turning Fallback off?
Launching external process: /Applications/Unity/Hub/Editor/6000.3.8f1/Unity.app/Contents/Helpers/UnityShaderCompiler
Launched and connected shader compiler UnityShaderCompiler after 0.02 seconds
Refreshing native plugins compatible for Editor in 0.25 ms, found 1 plugins.
Preloading 0 native plugins for Editor in 0.00 ms.
Unloading 29 Unused Serialized files (Serialized files now loaded: 0)
Unloading 6289 unused Assets / (5.2 MB). Loaded Objects now: 7105.
Memory consumption went from 153.5 MB to 148.4 MB.
Total: 12.093708 ms (FindLiveObjects: 0.538833 ms CreateObjectMapping: 0.120458 ms MarkObjects: 9.744917 ms  DeleteObjects: 1.689250 ms)

========================================================================
Received Import Request.
  Time since last request: 283398.081626 seconds.
  path: Assets/SimplePoly City - Low Poly Assets/Textures/Building_Chicken Shop.png
  artifactKey: Guid(b648d0554709c6c4e9269e311432c5d6) Importer(2089858483,b0f066a214c2f5e87bad3c948f4d605d)
Start importing Assets/SimplePoly City - Low Poly Assets/Textures/Building_Chicken Shop.png using Guid(b648d0554709c6c4e9269e311432c5d6) Importer(2089858483,b0f066a214c2f5e87bad3c948f4d605d) (ScriptedImporter) -> (artifact id: 'f1c197f6c6d7acef9ef41cb068e2b636') in 0.039976584 seconds
Number of updated asset objects reloaded before import = 0Number of asset objects unloaded after import = 1

========================================================================
Received Import Request.
  Time since last request: 0.000035 seconds.
  path: Assets/SimplePoly City - Low Poly Assets/Models/Props_Traffic Signal_small.fbx
  artifactKey: Guid(fbe896a67df88784abb1f38733468a13) Importer(2089858483,b0f066a214c2f5e87bad3c948f4d605d)
Start importing Assets/SimplePoly City - Low Poly Assets/Models/Props_Traffic Signal_small.fbx using Guid(fbe896a67df88784abb1f38733468a13) Importer(2089858483,b0f066a214c2f5e87bad3c948f4d605d) (ScriptedImporter) -> (artifact id: 'ab26dc460b4f3e866037978d67e8dbea') in 0.028477833 seconds
Number of updated asset objects reloaded before import = 0Number of asset objects unloaded after import = 9

========================================================================
Received Import Request.
  Time since last request: 0.000023 seconds.
  path: Assets/SimplePoly City - Low Poly Assets/Textures/Vehicle_Car_1.png
  artifactKey: Guid(f9deccdd55075124dbb0e6b5f710e0bb) Importer(2089858483,b0f066a214c2f5e87bad3c948f4d605d)
Start importing Assets/SimplePoly City - Low Poly Assets/Textures/Vehicle_Car_1.png using Guid(f9deccdd55075124dbb0e6b5f710e0bb) Importer(2089858483,b0f066a214c2f5e87bad3c948f4d605d) (ScriptedImporter) -> (artifact id: '14ba98fa38119ce884fff6d9e6ff1584') in 0.005043291 seconds
Number of updated asset objects reloaded before import = 0Number of asset objects unloaded after import = 1

========================================================================
Received Import Request.
  Time since last request: 0.000043 seconds.
  path: Assets/SimplePoly City - Low Poly Assets/Materials/Props_Props_01.mat
  artifactKey: Guid(1b96474fd045dce4a8b2ffba96618392) Importer(2089858483,b0f066a214c2f5e87bad3c948f4d605d)
Start importing Assets/SimplePoly City - Low Poly Assets/Materials/Props_Props_01.mat using Guid(1b96474fd045dce4a8b2ffba96618392) Importer(2089858483,b0f066a214c2f5e87bad3c948f4d605d) (ScriptedImporter) -> (artifact id: 'e500cff7230e24f7c9fc681b196d09df') in 0.005428667 seconds
Number of updated asset objects reloaded before import = 0Number of asset objects unloaded after import = 2

========================================================================
Received Import Request.
  Time since last request: 0.000064 seconds.
  path: Assets/SimplePoly City - Low Poly Assets/Materials/Vehicle_Car_color03.mat
  artifactKey: Guid(37608e6988151a248951cdd1a93a59c5) Importer(2089858483,b0f066a214c2f5e87bad3c948f4d605d)
Start importing Assets/SimplePoly City - Low Poly Assets/Materials/Vehicle_Car_color03.mat using Guid(37608e6988151a248951cdd1a93a59c5) Importer(2089858483,b0f066a214c2f5e87bad3c948f4d605d) (ScriptedImporter) -> (artifact id: '86f102bf254f8f3ec3b6f97af0cae3eb') in 0.002260625 seconds
Number of updated asset objects reloaded before import = 0Number of asset objects unloaded after import = 2

========================================================================
Received Import Request.
  Time since last request: 0.000037 seconds.
  path: Assets/SimplePoly City - Low Poly Assets/Prefab/Buildings/Building_Books Shop.prefab
  artifactKey: Guid(4c14ffc6a7f79e942885227ac141590c) Importer(2089858483,b0f066a214c2f5e87bad3c948f4d605d)
Start importing Assets/SimplePoly City - Low Poly Assets/Prefab/Buildings/Building_Books Shop.prefab using Guid(4c14ffc6a7f79e942885227ac141590c) Importer(2089858483,b0f066a214c2f5e87bad3c948f4d605d) (ScriptedImporter) -> (artifact id: 'cd6122e87bc6b05184f49c301663a726') in 0.004648792 seconds
Number of updated asset objects reloaded before import = 0Number of asset objects unloaded after import = 8

========================================================================
Received Import Request.
  Time since last request: 0.000035 seconds.
  path: Assets/SimplePoly City - Low Poly Assets/Textures/Props_BillBoard_small.png
  artifactKey: Guid(8d5a4d22644d8d048bc069c218d1c411) Importer(2089858483,b0f066a214c2f5e87bad3c948f4d605d)
Start importing Assets/SimplePoly City - Low Poly Assets/Textures/Props_BillBoard_small.png using Guid(8d5a4d22644d8d048bc069c218d1c411) Importer(2089858483,b0f066a214c2f5e87bad3c948f4d605d) (ScriptedImporter) -> (artifact id: 'c4dc2911ea9a356cd2803fff4f9ec936') in 0.002869959 seconds
Number of updated asset objects reloaded before import = 0Number of asset objects unloaded after import = 1

========================================================================
Received Import Request.
  Time since last request: 0.000056 seconds.
  path: Assets/SimplePoly City - Low Poly Assets/Models/Road Lane Bus Stop.fbx
  artifactKey: Guid(b2e48a8553cc56243892a06271dc3c99) Importer(2089858483,b0f066a214c2f5e87bad3c948f4d605d)
Start importing Assets/SimplePoly City - Low Poly Assets/Models/Road Lane Bus Stop.fbx using Guid(b2e48a8553cc56243892a06271dc3c99) Importer(2089858483,b0f066a214c2f5e87bad3c948f4d605d) (ScriptedImporter) -> (artifact id: '9a6f7dc051cdfb308abe10ef8e786b5d') in 0.003963042 seconds
Number of updated asset objects reloaded before import = 0Number of asset objects unloaded after import = 9

========================================================================
Received Import Request.
  Time since last request: 0.000050 seconds.
  path: Assets/SimplePoly City - Low Poly Assets/Models/Props_Hydrant.fbx
  artifactKey: Guid(aa7a6aea7692eb346af29dcc7e73ee95) Importer(2089858483,b0f066a214c2f5e87bad3c948f4d605d)
Start importing Assets/SimplePoly City - Low Poly Assets/Models/Props_Hydrant.fbx using Guid(aa7a6aea7692eb346af29dcc7e73ee95) Importer(2089858483,b0f066a214c2f5e87bad3c948f4d605d) (ScriptedImporter) -> (artifact id: 'fab293e1e5237b21c47e3d0ab908b7ef') in 0.004012 seconds
Number of updated asset objects reloaded before import = 0Number of asset objects unloaded after import = 9

========================================================================
Received Import Request.
  Time since last request: 0.000036 seconds.
  path: Assets/SimplePoly City - Low Poly Assets/Prefab/Props/Props_BillBoard_medium.prefab
  artifactKey: Guid(24ecc5bb467b3fe4b9c1660c3678ef90) Importer(2089858483,b0f066a214c2f5e87bad3c948f4d605d)
Start importing Assets/SimplePoly City - Low Poly Assets/Prefab/Props/Props_BillBoard_medium.prefab using Guid(24ecc5bb467b3fe4b9c1660c3678ef90) Importer(2089858483,b0f066a214c2f5e87bad3c948f4d605d) (ScriptedImporter) -> (artifact id: '990924cb83b095f57556eeb7ed5e0d08') in 0.003286958 seconds
Number of updated asset objects reloaded before import = 0Number of asset objects unloaded after import = 8

========================================================================
Received Import Request.
  Time since last request: 0.000048 seconds.
  path: Assets/SimplePoly City - Low Poly Assets/Materials/Building_Fruits  Shop.mat
  artifactKey: Guid(ae4c28532c8b3154a80bef6e9ca5939c) Importer(2089858483,b0f066a214c2f5e87bad3c948f4d605d)
Start importing Assets/SimplePoly City - Low Poly Assets/Materials/Building_Fruits  Shop.mat using Guid(ae4c28532c8b3154a80bef6e9ca5939c) Importer(2089858483,b0f066a214c2f5e87bad3c948f4d605d) (ScriptedImporter) -> (artifact id: '5fad402c21edbdc487a16bf5e8b1ab2b') in 0.002403291 seconds
Number of updated asset objects reloaded before import = 0Number of asset objects unloaded after import = 2

========================================================================
Received Import Request.
  Time since last request: 0.000037 seconds.
  path: Assets/SimplePoly City - Low Poly Assets/Materials/Building_Stadium.mat
  artifactKey: Guid(748bc3a1eddacab499ba4248377c18a3) Importer(2089858483,b0f066a214c2f5e87bad3c948f4d605d)
Start importing Assets/SimplePoly City - Low Poly Assets/Materials/Building_Stadium.mat using Guid(748bc3a1eddacab499ba4248377c18a3) Importer(2089858483,b0f066a214c2f5e87bad3c948f4d605d) (ScriptedImporter) -> (artifact id: '2e3c0f389835f6f381a8408ceae83cb9') in 0.002120958 seconds
Number of updated asset objects reloaded before import = 0Number of asset objects unloaded after import = 2

========================================================================
Received Import Request.
  Time since last request: 0.000087 seconds.
  path: Assets/SimplePoly City - Low Poly Assets/Models/Building_House_03_color01.fbx
  artifactKey: Guid(4290fe0579b63f4429763c6c6d2f242d) Importer(2089858483,b0f066a214c2f5e87bad3c948f4d605d)
Start importing Assets/SimplePoly City - Low Poly Assets/Models/Building_House_03_color01.fbx using Guid(4290fe0579b63f4429763c6c6d2f242d) Importer(2089858483,b0f066a214c2f5e87bad3c948f4d605d) (ScriptedImporter) -> (artifact id: 'b0ef14154ffe1165f0d09962be8b1965') in 0.005398208 seconds
Number of updated asset objects reloaded before import = 0Number of asset objects unloaded after import = 9

========================================================================
Received Import Request.
  Time since last request: 0.000153 seconds.
  path: Assets/SimplePoly City - Low Poly Assets/Textures/Building Sky_small_color03.png
  artifactKey: Guid(0bfefad86ca42384bad95b74e07c5e68) Importer(2089858483,b0f066a214c2f5e87bad3c948f4d605d)
Start importing Assets/SimplePoly City - Low Poly Assets/Textures/Building Sky_small_color03.png using Guid(0bfefad86ca42384bad95b74e07c5e68) Importer(2089858483,b0f066a214c2f5e87bad3c948f4d605d) (ScriptedImporter) -> (artifact id: '28fe31e815105d279e1364c9360a12b3') in 0.00492425 seconds
Number of updated asset objects reloaded before import = 0Number of asset objects unloaded after import = 1

========================================================================
Received Import Request.
  Time since last request: 0.000033 seconds.
  path: Assets/SimplePoly City - Low Poly Assets/Models/Road Lane_02.fbx
  artifactKey: Guid(11b7c9a58a603e74caec54e139efb58d) Importer(2089858483,b0f066a214c2f5e87bad3c948f4d605d)
Start importing Assets/SimplePoly City - Low Poly Assets/Models/Road Lane_02.fbx using Guid(11b7c9a58a603e74caec54e139efb58d) Importer(2089858483,b0f066a214c2f5e87bad3c948f4d605d) (ScriptedImporter) -> (artifact id: 'db57aa44f974d979366af35dcc9bbbab') in 0.004085375 seconds
Number of updated asset objects reloaded before import = 0Number of asset objects unloaded after import = 9

========================================================================
Received Import Request.
  Time since last request: 0.000043 seconds.
  path: Assets/SimplePoly City - Low Poly Assets/Models/Vehicle_Ambulance.fbx
  artifactKey: Guid(ca65f40fba8c4d146800611d34e2e114) Importer(2089858483,b0f066a214c2f5e87bad3c948f4d605d)
Start importing Assets/SimplePoly City - Low Poly Assets/Models/Vehicle_Ambulance.fbx using Guid(ca65f40fba8c4d146800611d34e2e114) Importer(2089858483,b0f066a214c2f5e87bad3c948f4d605d) (ScriptedImporter) -> (artifact id: '80898a0d57e3b6f29b552be645df3dd0') in 0.004263292 seconds
Number of updated asset objects reloaded before import = 0Number of asset objects unloaded after import = 9

========================================================================
Received Import Request.
  Time since last request: 0.000031 seconds.
  path: Assets/SimplePoly City - Low Poly Assets/Materials/Building_House_01_color01.mat
  artifactKey: Guid(d0b99db790965dc40a437662f169eb57) Importer(2089858483,b0f066a214c2f5e87bad3c948f4d605d)
Start importing Assets/SimplePoly City - Low Poly Assets/Materials/Building_House_01_color01.mat using Guid(d0b99db790965dc40a437662f169eb57) Importer(2089858483,b0f066a214c2f5e87bad3c948f4d605d) (ScriptedImporter) -> (artifact id: '7a60a569e0517dfc4c5b785d1dbdcdf0') in 0.00208075 seconds
Number of updated asset objects reloaded before import = 0Number of asset objects unloaded after import = 2

========================================================================
Received Import Request.
  Time since last request: 0.000040 seconds.
  path: Assets/SimplePoly City - Low Poly Assets/Materials/Building_Shoes Shop.mat
  artifactKey: Guid(25119463e811d3c4c82a0d92a6e1c561) Importer(2089858483,b0f066a214c2f5e87bad3c948f4d605d)
Start importing Assets/SimplePoly City - Low Poly Assets/Materials/Building_Shoes Shop.mat using Guid(25119463e811d3c4c82a0d92a6e1c561) Importer(2089858483,b0f066a214c2f5e87bad3c948f4d605d) (ScriptedImporter) -> (artifact id: 'c797803fa55371be45d079f5841ed59c') in 0.002679708 seconds
Number of updated asset objects reloaded before import = 0Number of asset objects unloaded after import = 2

========================================================================
Received Import Request.
  Time since last request: 0.000056 seconds.
  path: Assets/SimplePoly City - Low Poly Assets/Models/Props_Traffic Signal_big.fbx
  artifactKey: Guid(773c211b627e8c648b96743ec461a88f) Importer(2089858483,b0f066a214c2f5e87bad3c948f4d605d)
Start importing Assets/SimplePoly City - Low Poly Assets/Models/Props_Traffic Signal_big.fbx using Guid(773c211b627e8c648b96743ec461a88f) Importer(2089858483,b0f066a214c2f5e87bad3c948f4d605d) (ScriptedImporter) -> (artifact id: '8ecec9a7e8ba45b0b9833871485f8882') in 0.004224375 seconds
Number of updated asset objects reloaded before import = 0Number of asset objects unloaded after import = 9

========================================================================
Received Import Request.
  Time since last request: 0.000053 seconds.
  path: Assets/SimplePoly City - Low Poly Assets/Models/Vehicle_Bus.fbx
  artifactKey: Guid(0d82ae0493e1c264bad0588fde0a3d8a) Importer(2089858483,b0f066a214c2f5e87bad3c948f4d605d)
Start importing Assets/SimplePoly City - Low Poly Assets/Models/Vehicle_Bus.fbx using Guid(0d82ae0493e1c264bad0588fde0a3d8a) Importer(2089858483,b0f066a214c2f5e87bad3c948f4d605d) (ScriptedImporter) -> (artifact id: '8f8bb10fd99f1eba41eeb084d9adb2fa') in 0.005204167 seconds
Number of updated asset objects reloaded before import = 0Number of asset objects unloaded after import = 9

========================================================================
Received Import Request.
  Time since last request: 0.000037 seconds.
  path: Assets/SimplePoly City - Low Poly Assets/Materials/Props_TrafficProps.mat
  artifactKey: Guid(0ea03c6aa98d5224cb797d69c8ef34ca) Importer(2089858483,b0f066a214c2f5e87bad3c948f4d605d)
Start importing Assets/SimplePoly City - Low Poly Assets/Materials/Props_TrafficProps.mat using Guid(0ea03c6aa98d5224cb797d69c8ef34ca) Importer(2089858483,b0f066a214c2f5e87bad3c948f4d605d) (ScriptedImporter) -> (artifact id: '9d3ba7e3fd6da46d8318e8fc358c5e2a') in 0.002433625 seconds
Number of updated asset objects reloaded before import = 0Number of asset objects unloaded after import = 2

========================================================================
Received Import Request.
  Time since last request: 0.000040 seconds.
  path: Assets/SimplePoly City - Low Poly Assets/Prefab/Buildings/Building Sky_small_color02.prefab
  artifactKey: Guid(cc0981408e7c8db4f9f80a57938fd5e3) Importer(2089858483,b0f066a214c2f5e87bad3c948f4d605d)
Start importing Assets/SimplePoly City - Low Poly Assets/Prefab/Buildings/Building Sky_small_color02.prefab using Guid(cc0981408e7c8db4f9f80a57938fd5e3) Importer(2089858483,b0f066a214c2f5e87bad3c948f4d605d) (ScriptedImporter) -> (artifact id: 'e69c2a86e3185227159eb662ae5854c0') in 0.002719291 seconds
Number of updated asset objects reloaded before import = 0Number of asset objects unloaded after import = 8

========================================================================
Received Import Request.
  Time since last request: 0.000144 seconds.
  path: Assets/SimplePoly City - Low Poly Assets/Textures/Building_House_04_color02.png
  artifactKey: Guid(38f25d053637e924099f07d4d995d256) Importer(2089858483,b0f066a214c2f5e87bad3c948f4d605d)
Start importing Assets/SimplePoly City - Low Poly Assets/Textures/Building_House_04_color02.png using Guid(38f25d053637e924099f07d4d995d256) Importer(2089858483,b0f066a214c2f5e87bad3c948f4d605d) (ScriptedImporter) -> (artifact id: '4d82e0ae3dc10f174f681f0baab65972') in 0.00718925 seconds
Number of updated asset objects reloaded before import = 0Number of asset objects unloaded after import = 1

========================================================================
Received Import Request.
  Time since last request: 0.000039 seconds.
  path: Assets/SimplePoly City - Low Poly Assets/Prefab/Buildings/Building_Residential_color03.prefab
  artifactKey: Guid(0064eb002f3790247969e12119bbf9d2) Importer(2089858483,b0f066a214c2f5e87bad3c948f4d605d)
Start importing Assets/SimplePoly City - Low Poly Assets/Prefab/Buildings/Building_Residential_color03.prefab using Guid(0064eb002f3790247969e12119bbf9d2) Importer(2089858483,b0f066a214c2f5e87bad3c948f4d605d) (ScriptedImporter) -> (artifact id: '049b7eb3f2f6016c1e800f8327ce4365') in 0.002945417 seconds
Number of updated asset objects reloaded before import = 0Number of asset objects unloaded after import = 8

========================================================================
Received Import Request.
  Time since last request: 0.000040 seconds.
  path: Assets/SimplePoly City - Low Poly Assets/Models/Natures_Grass Tile.fbx
  artifactKey: Guid(fbb8756519c039b4f804c77c5e3293f9) Importer(2089858483,b0f066a214c2f5e87bad3c948f4d605d)
Start importing Assets/SimplePoly City - Low Poly Assets/Models/Natures_Grass Tile.fbx using Guid(fbb8756519c039b4f804c77c5e3293f9) Importer(2089858483,b0f066a214c2f5e87bad3c948f4d605d) (ScriptedImporter) -> (artifact id: 'd8b45199d0282673257cf238a816e457') in 0.005602667 seconds
Number of updated asset objects reloaded before import = 0Number of asset objects unloaded after import = 9

========================================================================
Received Import Request.
  Time since last request: 0.000047 seconds.
  path: Assets/SimplePoly City - Low Poly Assets/Prefab/Buildings/Building_Drug Store.prefab
  artifactKey: Guid(5dd9f8de2583df543859013bcdc56639) Importer(2089858483,b0f066a214c2f5e87bad3c948f4d605d)
Start importing Assets/SimplePoly City - Low Poly Assets/Prefab/Buildings/Building_Drug Store.prefab using Guid(5dd9f8de2583df543859013bcdc56639) Importer(2089858483,b0f066a214c2f5e87bad3c948f4d605d) (ScriptedImporter) -> (artifact id: '82391494279fb165e784c4204bea247b') in 0.002495625 seconds
Number of updated asset objects reloaded before import = 0Number of asset objects unloaded after import = 8

========================================================================
Received Import Request.
  Time since last request: 0.000070 seconds.
  path: Assets/SimplePoly City - Low Poly Assets/Prefab/Props/Props_Traffic Signal_big.prefab
  artifactKey: Guid(d4cfcf659200d7548b90a5580c3ab18f) Importer(2089858483,b0f066a214c2f5e87bad3c948f4d605d)
Start importing Assets/SimplePoly City - Low Poly Assets/Prefab/Props/Props_Traffic Signal_big.prefab using Guid(d4cfcf659200d7548b90a5580c3ab18f) Importer(2089858483,b0f066a214c2f5e87bad3c948f4d605d) (ScriptedImporter) -> (artifact id: '5264f0049fcf88cbb03f5af3e33b7554') in 0.002308375 seconds
Number of updated asset objects reloaded before import = 0Number of asset objects unloaded after import = 8

========================================================================
Received Import Request.
  Time since last request: 0.000043 seconds.
  path: Assets/SimplePoly City - Low Poly Assets/Textures/Building_Pizza.png
  artifactKey: Guid(0cf2b5e2d8e8aba41b18787cd9399b4b) Importer(2089858483,b0f066a214c2f5e87bad3c948f4d605d)
Start importing Assets/SimplePoly City - Low Poly Assets/Textures/Building_Pizza.png using Guid(0cf2b5e2d8e8aba41b18787cd9399b4b) Importer(2089858483,b0f066a214c2f5e87bad3c948f4d605d) (ScriptedImporter) -> (artifact id: 'bbd0c200d13ba70bb0a60f42f8895e0b') in 0.003146333 seconds
Number of updated asset objects reloaded before import = 0Number of asset objects unloaded after import = 1

========================================================================
Received Import Request.
  Time since last request: 0.000065 seconds.
  path: Assets/SimplePoly City - Low Poly Assets/Models/Vehicle_Bus_separate.fbx
  artifactKey: Guid(bec0886ced73844469c2edf3ebb4b047) Importer(2089858483,b0f066a214c2f5e87bad3c948f4d605d)
Start importing Assets/SimplePoly City - Low Poly Assets/Models/Vehicle_Bus_separate.fbx using Guid(bec0886ced73844469c2edf3ebb4b047) Importer(2089858483,b0f066a214c2f5e87bad3c948f4d605d) (ScriptedImporter) -> (artifact id: 'ea9a34b5d8cbf8009d6204ee5d87bad6') in 0.003856292 seconds
Number of updated asset objects reloaded before import = 0Number of asset objects unloaded after import = 31

========================================================================
Received Import Request.
  Time since last request: 0.000079 seconds.
  path: Assets/SimplePoly City - Low Poly Assets/Models/Natures_House Floor.fbx
  artifactKey: Guid(c7327ddbb4f55824eb37461c53fdd55d) Importer(2089858483,b0f066a214c2f5e87bad3c948f4d605d)
Start importing Assets/SimplePoly City - Low Poly Assets/Models/Natures_House Floor.fbx using Guid(c7327ddbb4f55824eb37461c53fdd55d) Importer(2089858483,b0f066a214c2f5e87bad3c948f4d605d) (ScriptedImporter) -> (artifact id: 'c83121a066f75f3a37e01b614671bdf3') in 0.004067916 seconds
Number of updated asset objects reloaded before import = 0Number of asset objects unloaded after import = 9

========================================================================
Received Import Request.
  Time since last request: 0.000054 seconds.
  path: Assets/SimplePoly City - Low Poly Assets/Prefab/Natures/Natures_Grass Tile Small.prefab
  artifactKey: Guid(1b0084fb56aeb6e4e90f88a0def84cf0) Importer(2089858483,b0f066a214c2f5e87bad3c948f4d605d)
Start importing Assets/SimplePoly City - Low Poly Assets/Prefab/Natures/Natures_Grass Tile Small.prefab using Guid(1b0084fb56aeb6e4e90f88a0def84cf0) Importer(2089858483,b0f066a214c2f5e87bad3c948f4d605d) (ScriptedImporter) -> (artifact id: 'd64c7179e2e946c14c4b68e8440777c2') in 0.003074875 seconds
Number of updated asset objects reloaded before import = 0Number of asset objects unloaded after import = 8

========================================================================
Received Import Request.
  Time since last request: 0.000039 seconds.
  path: Assets/SimplePoly City - Low Poly Assets/Prefab/Vehicles/Vehicle with Static Wheels/Vehicle_Pick up Truck_color03.prefab
  artifactKey: Guid(ce2dd4bb67fdc684dac928dc2cfb7a0f) Importer(2089858483,b0f066a214c2f5e87bad3c948f4d605d)
Start importing Assets/SimplePoly City - Low Poly Assets/Prefab/Vehicles/Vehicle with Static Wheels/Vehicle_Pick up Truck_color03.prefab using Guid(ce2dd4bb67fdc684dac928dc2cfb7a0f) Importer(2089858483,b0f066a214c2f5e87bad3c948f4d605d) (ScriptedImporter) -> (artifact id: '1c3499535e5f44bc9017d9569d41cdf8') in 0.002836625 seconds
Number of updated asset objects reloaded before import = 0Number of asset objects unloaded after import = 8

========================================================================
Received Import Request.
  Time since last request: 0.000031 seconds.
  path: Assets/SimplePoly City - Low Poly Assets/Textures/Building Sky_big_color01.png
  artifactKey: Guid(276815996ac5b2144bdd94486e724ca4) Importer(2089858483,b0f066a214c2f5e87bad3c948f4d605d)
Start importing Assets/SimplePoly City - Low Poly Assets/Textures/Building Sky_big_color01.png using Guid(276815996ac5b2144bdd94486e724ca4) Importer(2089858483,b0f066a214c2f5e87bad3c948f4d605d) (ScriptedImporter) -> (artifact id: '016425dc9bf40f2921e1e5df356d22ae') in 0.002783833 seconds
Number of updated asset objects reloaded before import = 0Number of asset objects unloaded after import = 1

========================================================================
Received Import Request.
  Time since last request: 0.000030 seconds.
  path: Assets/SimplePoly City - Low Poly Assets/Materials/Building_Gift Shop.mat
  artifactKey: Guid(bf630e064503ad541ab39df076952029) Importer(2089858483,b0f066a214c2f5e87bad3c948f4d605d)
Start importing Assets/SimplePoly City - Low Poly Assets/Materials/Building_Gift Shop.mat using Guid(bf630e064503ad541ab39df076952029) Importer(2089858483,b0f066a214c2f5e87bad3c948f4d605d) (ScriptedImporter) -> (artifact id: 'f1d54dc7158b6267f3c23adb4dd30d0f') in 0.001870166 seconds
Number of updated asset objects reloaded before import = 0Number of asset objects unloaded after import = 2

========================================================================
Received Import Request.
  Time since last request: 0.000033 seconds.
  path: Assets/SimplePoly City - Low Poly Assets/Models/Vehicle_Taxi_separate.fbx
  artifactKey: Guid(76eea54e4cf71bf4dac0e3ef48ee32b7) Importer(2089858483,b0f066a214c2f5e87bad3c948f4d605d)
Start importing Assets/SimplePoly City - Low Poly Assets/Models/Vehicle_Taxi_separate.fbx using Guid(76eea54e4cf71bf4dac0e3ef48ee32b7) Importer(2089858483,b0f066a214c2f5e87bad3c948f4d605d) (ScriptedImporter) -> (artifact id: '7df6c514718b1226fbbd526b176c08a2') in 0.007445416 seconds
Number of updated asset objects reloaded before import = 0Number of asset objects unloaded after import = 31

========================================================================
Received Import Request.
  Time since last request: 0.000064 seconds.
  path: Assets/SimplePoly City - Low Poly Assets/Prefab/Vehicles/Vehicle with Static Wheels/Vehicle_Pick up Truck_color02.prefab
  artifactKey: Guid(81c050d9e127fdd45af1f6b8da476b2b) Importer(2089858483,b0f066a214c2f5e87bad3c948f4d605d)
Start importing Assets/SimplePoly City - Low Poly Assets/Prefab/Vehicles/Vehicle with Static Wheels/Vehicle_Pick up Truck_color02.prefab using Guid(81c050d9e127fdd45af1f6b8da476b2b) Importer(2089858483,b0f066a214c2f5e87bad3c948f4d605d) (ScriptedImporter) -> (artifact id: 'ae288dac96d2c077d14452cfa9d2bc92') in 0.002889 seconds
Number of updated asset objects reloaded before import = 0Number of asset objects unloaded after import = 8

========================================================================
Received Import Request.
  Time since last request: 0.000067 seconds.
  path: Assets/SimplePoly City - Low Poly Assets/Textures/Vehicle_Pick up Truck_2.png
  artifactKey: Guid(a120475b7d3ac7543b8092f9fbc3adf4) Importer(2089858483,b0f066a214c2f5e87bad3c948f4d605d)
Start importing Assets/SimplePoly City - Low Poly Assets/Textures/Vehicle_Pick up Truck_2.png using Guid(a120475b7d3ac7543b8092f9fbc3adf4) Importer(2089858483,b0f066a214c2f5e87bad3c948f4d605d) (ScriptedImporter) -> (artifact id: '731caa1a93977b1bf42a1f48a6839f8b') in 0.00254375 seconds
Number of updated asset objects reloaded before import = 0Number of asset objects unloaded after import = 1

========================================================================
Received Import Request.
  Time since last request: 0.000065 seconds.
  path: Assets/SimplePoly City - Low Poly Assets/Prefab/Vehicles/Vehicle with Separated Wheels/Vehicle_Taxi_separate.prefab
  artifactKey: Guid(fba5e236738a7c940b3a8d031c307794) Importer(2089858483,b0f066a214c2f5e87bad3c948f4d605d)
Start importing Assets/SimplePoly City - Low Poly Assets/Prefab/Vehicles/Vehicle with Separated Wheels/Vehicle_Taxi_separate.prefab using Guid(fba5e236738a7c940b3a8d031c307794) Importer(2089858483,b0f066a214c2f5e87bad3c948f4d605d) (ScriptedImporter) -> (artifact id: 'dd304fc4785435a07fc65f661b160659') in 0.0017585 seconds
Number of updated asset objects reloaded before import = 0Number of asset objects unloaded after import = 29

========================================================================
Received Import Request.
  Time since last request: 0.000031 seconds.
  path: Assets/SimplePoly City - Low Poly Assets/Models/Road Split Line.fbx
  artifactKey: Guid(63ec040e5e2c7354191119a82429932a) Importer(2089858483,b0f066a214c2f5e87bad3c948f4d605d)
Start importing Assets/SimplePoly City - Low Poly Assets/Models/Road Split Line.fbx using Guid(63ec040e5e2c7354191119a82429932a) Importer(2089858483,b0f066a214c2f5e87bad3c948f4d605d) (ScriptedImporter) -> (artifact id: '0a06278e3919fba2dba021d55d00c7ab') in 0.003267125 seconds
Number of updated asset objects reloaded before import = 0Number of asset objects unloaded after import = 9

========================================================================
Received Import Request.
  Time since last request: 0.000032 seconds.
  path: Assets/SimplePoly City - Low Poly Assets/Materials/Building Sky_small_color03.mat
  artifactKey: Guid(8f1cbf7d8b46f0c44ab5e32bfc3041a6) Importer(2089858483,b0f066a214c2f5e87bad3c948f4d605d)
Start importing Assets/SimplePoly City - Low Poly Assets/Materials/Building Sky_small_color03.mat using Guid(8f1cbf7d8b46f0c44ab5e32bfc3041a6) Importer(2089858483,b0f066a214c2f5e87bad3c948f4d605d) (ScriptedImporter) -> (artifact id: 'b5de44388cc6a1e96f0be4feeda1db10') in 0.001437041 seconds
Number of updated asset objects reloaded before import = 0Number of asset objects unloaded after import = 2

========================================================================
Received Import Request.
  Time since last request: 0.000086 seconds.
  path: Assets/SimplePoly City - Low Poly Assets/Materials/Building_House_03_color03.mat
  artifactKey: Guid(0ee6e621355b5ac4da1102c54fbb63d8) Importer(2089858483,b0f066a214c2f5e87bad3c948f4d605d)
Start importing Assets/SimplePoly City - Low Poly Assets/Materials/Building_House_03_color03.mat using Guid(0ee6e621355b5ac4da1102c54fbb63d8) Importer(2089858483,b0f066a214c2f5e87bad3c948f4d605d) (ScriptedImporter) -> (artifact id: 'f2ba7e4f9eae4806c574416eb82cb35a') in 0.001575583 seconds
Number of updated asset objects reloaded before import = 0Number of asset objects unloaded after import = 2

========================================================================
Received Import Request.
  Time since last request: 0.000032 seconds.
  path: Assets/SimplePoly City - Low Poly Assets/Prefab/Vehicles/Vehicle with Separated Wheels/Vehicle_Pick up Truck_color01_separate.prefab
  artifactKey: Guid(fc2b2b65264c13f48a615fa7dbc2ef24) Importer(2089858483,b0f066a214c2f5e87bad3c948f4d605d)
Start importing Assets/SimplePoly City - Low Poly Assets/Prefab/Vehicles/Vehicle with Separated Wheels/Vehicle_Pick up Truck_color01_separate.prefab using Guid(fc2b2b65264c13f48a615fa7dbc2ef24) Importer(2089858483,b0f066a214c2f5e87bad3c948f4d605d) (ScriptedImporter) -> (artifact id: 'c1723a4b939958a43bfb122641831f4e') in 0.001750083 seconds
Number of updated asset objects reloaded before import = 0Number of asset objects unloaded after import = 29

========================================================================
Received Import Request.
  Time since last request: 0.000053 seconds.
  path: Assets/SimplePoly City - Low Poly Assets/Prefab/Buildings/Building_Bakery.prefab
  artifactKey: Guid(65abb0f1b521f834bae80ea4c9d93734) Importer(2089858483,b0f066a214c2f5e87bad3c948f4d605d)
Start importing Assets/SimplePoly City - Low Poly Assets/Prefab/Buildings/Building_Bakery.prefab using Guid(65abb0f1b521f834bae80ea4c9d93734) Importer(2089858483,b0f066a214c2f5e87bad3c948f4d605d) (ScriptedImporter) -> (artifact id: 'c03d30728ec28b7cf368a0d7d8416f2a') in 0.002215292 seconds
Number of updated asset objects reloaded before import = 0Number of asset objects unloaded after import = 8

========================================================================
Received Import Request.
  Time since last request: 0.000042 seconds.
  path: Assets/SimplePoly City - Low Poly Assets/Prefab/Buildings/Building_Residential_color02.prefab
  artifactKey: Guid(246bcb60ae5be3744a4ea86bab749f44) Importer(2089858483,b0f066a214c2f5e87bad3c948f4d605d)
Start importing Assets/SimplePoly City - Low Poly Assets/Prefab/Buildings/Building_Residential_color02.prefab using Guid(246bcb60ae5be3744a4ea86bab749f44) Importer(2089858483,b0f066a214c2f5e87bad3c948f4d605d) (ScriptedImporter) -> (artifact id: '9c66e8192a6691a8b13398d6795f4a3e') in 0.002481458 seconds
Number of updated asset objects reloaded before import = 0Number of asset objects unloaded after import = 8

========================================================================
Received Import Request.
  Time since last request: 0.068658 seconds.
  path: Assets/SimplePoly City - Low Poly Assets/Models/Natures_Rock_small.fbx
  artifactKey: Guid(099a2df3d1c472a43907d07813eee880) Importer(2089858483,b0f066a214c2f5e87bad3c948f4d605d)
Start importing Assets/SimplePoly City - Low Poly Assets/Models/Natures_Rock_small.fbx using Guid(099a2df3d1c472a43907d07813eee880) Importer(2089858483,b0f066a214c2f5e87bad3c948f4d605d) (ScriptedImporter) -> (artifact id: '07bf0ae11bde0666fa15eef382de819e') in 0.003104958 seconds
Number of updated asset objects reloaded before import = 0Number of asset objects unloaded after import = 9

========================================================================
Received Import Request.
  Time since last request: 0.000035 seconds.
  path: Assets/SimplePoly City - Low Poly Assets/Textures/Props_BillBoard_large.png
  artifactKey: Guid(28abf4ed6741ed84c9b83df6cecde508) Importer(2089858483,b0f066a214c2f5e87bad3c948f4d605d)
Start importing Assets/SimplePoly City - Low Poly Assets/Textures/Props_BillBoard_large.png using Guid(28abf4ed6741ed84c9b83df6cecde508) Importer(2089858483,b0f066a214c2f5e87bad3c948f4d605d) (ScriptedImporter) -> (artifact id: 'b08406555da897d1b82dde41a0f8a248') in 0.004977792 seconds
Number of updated asset objects reloaded before import = 0Number of asset objects unloaded after import = 1

========================================================================
Received Import Request.
  Time since last request: 0.000040 seconds.
  path: Assets/SimplePoly City - Low Poly Assets/Prefab/Vehicles/Vehicle with Static Wheels/Vehicle_SUV_color02.prefab
  artifactKey: Guid(b0ad868427d8c8a4b86144f9786776d3) Importer(2089858483,b0f066a214c2f5e87bad3c948f4d605d)
Start importing Assets/SimplePoly City - Low Poly Assets/Prefab/Vehicles/Vehicle with Static Wheels/Vehicle_SUV_color02.prefab using Guid(b0ad868427d8c8a4b86144f9786776d3) Importer(2089858483,b0f066a214c2f5e87bad3c948f4d605d) (ScriptedImporter) -> (artifact id: '3ce475669b8c774704c668296bf1b8e0') in 0.003982 seconds
Number of updated asset objects reloaded before import = 0Number of asset objects unloaded after import = 8

========================================================================
Received Import Request.
  Time since last request: 0.000050 seconds.
  path: Assets/SimplePoly City - Low Poly Assets/Textures/Vehicle_SUV_2.png
  artifactKey: Guid(c1310564a8560dc47a4aa00e7324ae1d) Importer(2089858483,b0f066a214c2f5e87bad3c948f4d605d)
Start importing Assets/SimplePoly City - Low Poly Assets/Textures/Vehicle_SUV_2.png using Guid(c1310564a8560dc47a4aa00e7324ae1d) Importer(2089858483,b0f066a214c2f5e87bad3c948f4d605d) (ScriptedImporter) -> (artifact id: '1902a94dcf666637eaf6ba6a83186833') in 0.003433333 seconds
Number of updated asset objects reloaded before import = 0Number of asset objects unloaded after import = 1

========================================================================
Received Import Request.
  Time since last request: 0.000046 seconds.
  path: Assets/SimplePoly City - Low Poly Assets/Prefab/Vehicles/Vehicle with Static Wheels/Vehicle_Car_color01.prefab
  artifactKey: Guid(a119eb0fa059db34bbaef286c1af1696) Importer(2089858483,b0f066a214c2f5e87bad3c948f4d605d)
Start importing Assets/SimplePoly City - Low Poly Assets/Prefab/Vehicles/Vehicle with Static Wheels/Vehicle_Car_color01.prefab using Guid(a119eb0fa059db34bbaef286c1af1696) Importer(2089858483,b0f066a214c2f5e87bad3c948f4d605d) (ScriptedImporter) -> (artifact id: 'd594a956ae666faf4d3764eba6cfb87c') in 0.003069958 seconds
Number of updated asset objects reloaded before import = 0Number of asset objects unloaded after import = 8

========================================================================
Received Import Request.
  Time since last request: 0.000072 seconds.
  path: Assets/SimplePoly City - Low Poly Assets/Models/Building_Auto Service.fbx
  artifactKey: Guid(c886fb979d2b589419f4cd3003261086) Importer(2089858483,b0f066a214c2f5e87bad3c948f4d605d)
Start importing Assets/SimplePoly City - Low Poly Assets/Models/Building_Auto Service.fbx using Guid(c886fb979d2b589419f4cd3003261086) Importer(2089858483,b0f066a214c2f5e87bad3c948f4d605d) (ScriptedImporter) -> (artifact id: 'a0825b9e1e211c0cfe0c9a03fab31b6d') in 0.004108083 seconds
Number of updated asset objects reloaded before import = 0Number of asset objects unloaded after import = 9

========================================================================
Received Import Request.
  Time since last request: 0.000057 seconds.
  path: Assets/SimplePoly City - Low Poly Assets/Prefab/Buildings/Building_Factory.prefab
  artifactKey: Guid(f6674c1362ba984468bc1e71a2323d66) Importer(2089858483,b0f066a214c2f5e87bad3c948f4d605d)
Start importing Assets/SimplePoly City - Low Poly Assets/Prefab/Buildings/Building_Factory.prefab using Guid(f6674c1362ba984468bc1e71a2323d66) Importer(2089858483,b0f066a214c2f5e87bad3c948f4d605d) (ScriptedImporter) -> (artifact id: '9b5e52b58735fe917878d5778c06c0b1') in 0.002711625 seconds
Number of updated asset objects reloaded before import = 0Number of asset objects unloaded after import = 8

========================================================================
Received Import Request.
  Time since last request: 0.000067 seconds.
  path: Assets/SimplePoly City - Low Poly Assets/Textures/Building_Gift Shop.png
  artifactKey: Guid(0ddba491ce4a04c4b8def1195e6300d8) Importer(2089858483,b0f066a214c2f5e87bad3c948f4d605d)
Start importing Assets/SimplePoly City - Low Poly Assets/Textures/Building_Gift Shop.png using Guid(0ddba491ce4a04c4b8def1195e6300d8) Importer(2089858483,b0f066a214c2f5e87bad3c948f4d605d) (ScriptedImporter) -> (artifact id: 'ff7dc51008a617fce6ef4128b98c9e4f') in 0.002866542 seconds
Number of updated asset objects reloaded before import = 0Number of asset objects unloaded after import = 1

========================================================================
Received Import Request.
  Time since last request: 0.000048 seconds.
  path: Assets/SimplePoly City - Low Poly Assets/Textures/Vehicle_Car_3.png
  artifactKey: Guid(784073a23c23d054e9378970d2771d69) Importer(2089858483,b0f066a214c2f5e87bad3c948f4d605d)
Start importing Assets/SimplePoly City - Low Poly Assets/Textures/Vehicle_Car_3.png using Guid(784073a23c23d054e9378970d2771d69) Importer(2089858483,b0f066a214c2f5e87bad3c948f4d605d) (ScriptedImporter) -> (artifact id: '188eb45d832dbb4f65d7c656b298e94c') in 0.002324083 seconds
Number of updated asset objects reloaded before import = 0Number of asset objects unloaded after import = 1

========================================================================
Received Import Request.
  Time since last request: 0.000046 seconds.
  path: Assets/SimplePoly City - Low Poly Assets/Prefab/Buildings/Building_Super Market.prefab
  artifactKey: Guid(c3e95e72d6dba334594c3c5c37fcf18a) Importer(2089858483,b0f066a214c2f5e87bad3c948f4d605d)
Start importing Assets/SimplePoly City - Low Poly Assets/Prefab/Buildings/Building_Super Market.prefab using Guid(c3e95e72d6dba334594c3c5c37fcf18a) Importer(2089858483,b0f066a214c2f5e87bad3c948f4d605d) (ScriptedImporter) -> (artifact id: '1199e1add284cccb515477e974a19b86') in 0.002457667 seconds
Number of updated asset objects reloaded before import = 0Number of asset objects unloaded after import = 8

========================================================================
Received Import Request.
  Time since last request: 0.000040 seconds.
  path: Assets/SimplePoly City - Low Poly Assets/Textures/Props_RoofProps.png
  artifactKey: Guid(c9a153aaa15e0194b8e8f7c16cdf5be7) Importer(2089858483,b0f066a214c2f5e87bad3c948f4d605d)
Start importing Assets/SimplePoly City - Low Poly Assets/Textures/Props_RoofProps.png using Guid(c9a153aaa15e0194b8e8f7c16cdf5be7) Importer(2089858483,b0f066a214c2f5e87bad3c948f4d605d) (ScriptedImporter) -> (artifact id: '063f819f019885fc91f88a204d114414') in 0.002907583 seconds
Number of updated asset objects reloaded before import = 0Number of asset objects unloaded after import = 1

========================================================================
Received Import Request.
  Time since last request: 0.000035 seconds.
  path: Assets/SimplePoly City - Low Poly Assets/Models/Road Lane Half.fbx
  artifactKey: Guid(036c334cb6a05bd4fad2a33b9e2ea03b) Importer(2089858483,b0f066a214c2f5e87bad3c948f4d605d)
Start importing Assets/SimplePoly City - Low Poly Assets/Models/Road Lane Half.fbx using Guid(036c334cb6a05bd4fad2a33b9e2ea03b) Importer(2089858483,b0f066a214c2f5e87bad3c948f4d605d) (ScriptedImporter) -> (artifact id: 'b1718f0c050eddb913fc161f1e379570') in 0.008653375 seconds
Number of updated asset objects reloaded before import = 0Number of asset objects unloaded after import = 9

========================================================================
Received Import Request.
  Time since last request: 0.000037 seconds.
  path: Assets/SimplePoly City - Low Poly Assets/Textures/Vehicle_Police Car.png
  artifactKey: Guid(c0aa9f00c18fd8f40babb473766f37eb) Importer(2089858483,b0f066a214c2f5e87bad3c948f4d605d)
Start importing Assets/SimplePoly City - Low Poly Assets/Textures/Vehicle_Police Car.png using Guid(c0aa9f00c18fd8f40babb473766f37eb) Importer(2089858483,b0f066a214c2f5e87bad3c948f4d605d) (ScriptedImporter) -> (artifact id: '144804050277cdd6635afbd03365a888') in 0.003699833 seconds
Number of updated asset objects reloaded before import = 0Number of asset objects unloaded after import = 1

========================================================================
Received Import Request.
  Time since last request: 0.000061 seconds.
  path: Assets/SimplePoly City - Low Poly Assets/Prefab/Vehicles/Vehicle with Separated Wheels/Vehicle_Bus_color02_separate.prefab
  artifactKey: Guid(3cfde9a41ff096140a1bfec6f262d0f0) Importer(2089858483,b0f066a214c2f5e87bad3c948f4d605d)
Start importing Assets/SimplePoly City - Low Poly Assets/Prefab/Vehicles/Vehicle with Separated Wheels/Vehicle_Bus_color02_separate.prefab using Guid(3cfde9a41ff096140a1bfec6f262d0f0) Importer(2089858483,b0f066a214c2f5e87bad3c948f4d605d) (ScriptedImporter) -> (artifact id: '143f46bdeca2325be0d3145db2462525') in 0.002292417 seconds
Number of updated asset objects reloaded before import = 0Number of asset objects unloaded after import = 29

========================================================================
Received Import Request.
  Time since last request: 0.000050 seconds.
  path: Assets/SimplePoly City - Low Poly Assets/Textures/Vehicle_Truck_2.png
  artifactKey: Guid(b2c12c53daa560a46aa1c588f930acd9) Importer(2089858483,b0f066a214c2f5e87bad3c948f4d605d)
Start importing Assets/SimplePoly City - Low Poly Assets/Textures/Vehicle_Truck_2.png using Guid(b2c12c53daa560a46aa1c588f930acd9) Importer(2089858483,b0f066a214c2f5e87bad3c948f4d605d) (ScriptedImporter) -> (artifact id: 'dcf0d5ccf298d5c971c3c8c7346c5822') in 0.002799833 seconds
Number of updated asset objects reloaded before import = 0Number of asset objects unloaded after import = 1

========================================================================
Received Import Request.
  Time since last request: 0.000039 seconds.
  path: Assets/SimplePoly City - Low Poly Assets/Materials/Vehicle_Police Car.mat
  artifactKey: Guid(ca1eb6db662c95e47b63cb150cf463f9) Importer(2089858483,b0f066a214c2f5e87bad3c948f4d605d)
Start importing Assets/SimplePoly City - Low Poly Assets/Materials/Vehicle_Police Car.mat using Guid(ca1eb6db662c95e47b63cb150cf463f9) Importer(2089858483,b0f066a214c2f5e87bad3c948f4d605d) (ScriptedImporter) -> (artifact id: 'b177ed07b75ce2e8c0d551a7829b1437') in 0.002051792 seconds
Number of updated asset objects reloaded before import = 0Number of asset objects unloaded after import = 2

========================================================================
Received Import Request.
  Time since last request: 0.000034 seconds.
  path: Assets/SimplePoly City - Low Poly Assets/Materials/Props_BillBoard_large.mat
  artifactKey: Guid(f75e227920ccbc54a86b0f655ddc5b69) Importer(2089858483,b0f066a214c2f5e87bad3c948f4d605d)
Start importing Assets/SimplePoly City - Low Poly Assets/Materials/Props_BillBoard_large.mat using Guid(f75e227920ccbc54a86b0f655ddc5b69) Importer(2089858483,b0f066a214c2f5e87bad3c948f4d605d) (ScriptedImporter) -> (artifact id: 'f73e88447f9e5b69b53856ac255408e9') in 0.001949916 seconds
Number of updated asset objects reloaded before import = 0Number of asset objects unloaded after import = 2

========================================================================
Received Import Request.
  Time since last request: 0.000054 seconds.
  path: Assets/SimplePoly City - Low Poly Assets/Models/Building_Gas Station.fbx
  artifactKey: Guid(25449c1a4c4ca004ead70b6c0889695b) Importer(2089858483,b0f066a214c2f5e87bad3c948f4d605d)
Start importing Assets/SimplePoly City - Low Poly Assets/Models/Building_Gas Station.fbx using Guid(25449c1a4c4ca004ead70b6c0889695b) Importer(2089858483,b0f066a214c2f5e87bad3c948f4d605d) (ScriptedImporter) -> (artifact id: '930af824042e613b0e8b6b759cc29cae') in 0.003503125 seconds
Number of updated asset objects reloaded before import = 0Number of asset objects unloaded after import = 9

========================================================================
Received Import Request.
  Time since last request: 0.000042 seconds.
  path: Assets/SimplePoly City - Low Poly Assets/Textures/Building_Shoes Shop.png
  artifactKey: Guid(2b65a3a19e6eed944b6118802215ede0) Importer(2089858483,b0f066a214c2f5e87bad3c948f4d605d)
Start importing Assets/SimplePoly City - Low Poly Assets/Textures/Building_Shoes Shop.png using Guid(2b65a3a19e6eed944b6118802215ede0) Importer(2089858483,b0f066a214c2f5e87bad3c948f4d605d) (ScriptedImporter) -> (artifact id: 'f54d6355de80b74678a279af435deee3') in 0.002408833 seconds
Number of updated asset objects reloaded before import = 0Number of asset objects unloaded after import = 1

========================================================================
Received Import Request.
  Time since last request: 0.000081 seconds.
  path: Assets/SimplePoly City - Low Poly Assets/Prefab/Buildings/Building_Clothing.prefab
  artifactKey: Guid(0c7bcaa85c9494849bc7a0a18b7f3324) Importer(2089858483,b0f066a214c2f5e87bad3c948f4d605d)
Start importing Assets/SimplePoly City - Low Poly Assets/Prefab/Buildings/Building_Clothing.prefab using Guid(0c7bcaa85c9494849bc7a0a18b7f3324) Importer(2089858483,b0f066a214c2f5e87bad3c948f4d605d) (ScriptedImporter) -> (artifact id: '4f72195f3f9e5e9643d9c878f7663793') in 0.002279834 seconds
Number of updated asset objects reloaded before import = 0Number of asset objects unloaded after import = 8

========================================================================
Received Import Request.
  Time since last request: 0.000046 seconds.
  path: Assets/SimplePoly City - Low Poly Assets/Models/Road Lane_04.fbx
  artifactKey: Guid(2397ca4030d2a7446812ad23c04c9821) Importer(2089858483,b0f066a214c2f5e87bad3c948f4d605d)
Start importing Assets/SimplePoly City - Low Poly Assets/Models/Road Lane_04.fbx using Guid(2397ca4030d2a7446812ad23c04c9821) Importer(2089858483,b0f066a214c2f5e87bad3c948f4d605d) (ScriptedImporter) -> (artifact id: '1005009e8c8f25168fc59fb832254046') in 0.006297 seconds
Number of updated asset objects reloaded before import = 0Number of asset objects unloaded after import = 9

========================================================================
Received Import Request.
  Time since last request: 0.000033 seconds.
  path: Assets/SimplePoly City - Low Poly Assets/Demo/SimplePoly City - Low Poly Assets_Demo Scene
  artifactKey: Guid(d7586954654302d4b958228c5eb7d047) Importer(2089858483,b0f066a214c2f5e87bad3c948f4d605d)
Start importing Assets/SimplePoly City - Low Poly Assets/Demo/SimplePoly City - Low Poly Assets_Demo Scene using Guid(d7586954654302d4b958228c5eb7d047) Importer(2089858483,b0f066a214c2f5e87bad3c948f4d605d) (ScriptedImporter) -> (artifact id: '514e1950c8f6b2347c76ae546741ae22') in 0.001614792 seconds
Number of updated asset objects reloaded before import = 0Number of asset objects unloaded after import = 1

========================================================================
Received Import Request.
  Time since last request: 0.000036 seconds.
  path: Assets/SimplePoly City - Low Poly Assets/Textures/Vehicle_Ambulance.png
  artifactKey: Guid(17940d1c2e08c404aa577caf96bbaec2) Importer(2089858483,b0f066a214c2f5e87bad3c948f4d605d)
Start importing Assets/SimplePoly City - Low Poly Assets/Textures/Vehicle_Ambulance.png using Guid(17940d1c2e08c404aa577caf96bbaec2) Importer(2089858483,b0f066a214c2f5e87bad3c948f4d605d) (ScriptedImporter) -> (artifact id: '6878ea984be13cfadd34b3ba22af8ae0') in 0.002812959 seconds
Number of updated asset objects reloaded before import = 0Number of asset objects unloaded after import = 1

========================================================================
Received Import Request.
  Time since last request: 0.000034 seconds.
  path: Assets/SimplePoly City - Low Poly Assets/Materials/Building_Coffee Shop.mat
  artifactKey: Guid(4967bea7482277d48955ef26a2a50c7c) Importer(2089858483,b0f066a214c2f5e87bad3c948f4d605d)
Start importing Assets/SimplePoly City - Low Poly Assets/Materials/Building_Coffee Shop.mat using Guid(4967bea7482277d48955ef26a2a50c7c) Importer(2089858483,b0f066a214c2f5e87bad3c948f4d605d) (ScriptedImporter) -> (artifact id: '512925cc65502d6a23f8ec78832fb067') in 0.001800167 seconds
Number of updated asset objects reloaded before import = 0Number of asset objects unloaded after import = 2

========================================================================
Received Import Request.
  Time since last request: 0.000053 seconds.
  path: Assets/SimplePoly City - Low Poly Assets/Prefab/Props/Props_Roof prop air.prefab
  artifactKey: Guid(120449a04911a924ca1239be382ff0be) Importer(2089858483,b0f066a214c2f5e87bad3c948f4d605d)
Start importing Assets/SimplePoly City - Low Poly Assets/Prefab/Props/Props_Roof prop air.prefab using Guid(120449a04911a924ca1239be382ff0be) Importer(2089858483,b0f066a214c2f5e87bad3c948f4d605d) (ScriptedImporter) -> (artifact id: '590033687fdeea237ce02bf83c7a45cf') in 0.003890417 seconds
Number of updated asset objects reloaded before import = 0Number of asset objects unloaded after import = 10

========================================================================
Received Import Request.
  Time since last request: 0.036660 seconds.
  path: Assets/SimplePoly City - Low Poly Assets/Textures/Building_Drug Store.png
  artifactKey: Guid(a2ca9c84c117c3e4d9779bfccd3e1b4e) Importer(2089858483,b0f066a214c2f5e87bad3c948f4d605d)
Start importing Assets/SimplePoly City - Low Poly Assets/Textures/Building_Drug Store.png using Guid(a2ca9c84c117c3e4d9779bfccd3e1b4e) Importer(2089858483,b0f066a214c2f5e87bad3c948f4d605d) (ScriptedImporter) -> (artifact id: '09e92869eefb692c774bbbaebe21ed26') in 0.002724625 seconds
Number of updated asset objects reloaded before import = 0Number of asset objects unloaded after import = 1

========================================================================
Received Import Request.
  Time since last request: 0.000042 seconds.
  path: Assets/SimplePoly City - Low Poly Assets/Prefab/Natures/Natures_Grass Bar.prefab
  artifactKey: Guid(c07ada992c3586e4dbf557bc4b8718cf) Importer(2089858483,b0f066a214c2f5e87bad3c948f4d605d)
Start importing Assets/SimplePoly City - Low Poly Assets/Prefab/Natures/Natures_Grass Bar.prefab using Guid(c07ada992c3586e4dbf557bc4b8718cf) Importer(2089858483,b0f066a214c2f5e87bad3c948f4d605d) (ScriptedImporter) -> (artifact id: 'b28fd616753c7b6135efb4e5a4433f57') in 0.002303625 seconds
Number of updated asset objects reloaded before import = 0Number of asset objects unloaded after import = 8

========================================================================
Received Import Request.
  Time since last request: 0.000026 seconds.
  path: Assets/SimplePoly City - Low Poly Assets/Prefab/Roads/Road Sidewalk.prefab
  artifactKey: Guid(3181f15579d1b0c46872c9980226268b) Importer(2089858483,b0f066a214c2f5e87bad3c948f4d605d)
Start importing Assets/SimplePoly City - Low Poly Assets/Prefab/Roads/Road Sidewalk.prefab using Guid(3181f15579d1b0c46872c9980226268b) Importer(2089858483,b0f066a214c2f5e87bad3c948f4d605d) (ScriptedImporter) -> (artifact id: '967bf448e1e8785c981039a5a3fc838b') in 0.002967666 seconds
Number of updated asset objects reloaded before import = 0Number of asset objects unloaded after import = 8

========================================================================
Received Import Request.
  Time since last request: 0.000052 seconds.
  path: Assets/SimplePoly City - Low Poly Assets/Materials/Road Concrete Tile.mat
  artifactKey: Guid(791087fbdef01f44fb204ef3dc5e6db8) Importer(2089858483,b0f066a214c2f5e87bad3c948f4d605d)
Start importing Assets/SimplePoly City - Low Poly Assets/Materials/Road Concrete Tile.mat using Guid(791087fbdef01f44fb204ef3dc5e6db8) Importer(2089858483,b0f066a214c2f5e87bad3c948f4d605d) (ScriptedImporter) -> (artifact id: '66b3750c2bd65f6bc325e647c9d43edf') in 0.002060833 seconds
Number of updated asset objects reloaded before import = 0Number of asset objects unloaded after import = 2

========================================================================
Received Import Request.
  Time since last request: 0.000056 seconds.
  path: Assets/SimplePoly City - Low Poly Assets/Prefab/Natures/Natures_House Floor.prefab
  artifactKey: Guid(2d5fb229ae2945742b900a405a5e7a0b) Importer(2089858483,b0f066a214c2f5e87bad3c948f4d605d)
Start importing Assets/SimplePoly City - Low Poly Assets/Prefab/Natures/Natures_House Floor.prefab using Guid(2d5fb229ae2945742b900a405a5e7a0b) Importer(2089858483,b0f066a214c2f5e87bad3c948f4d605d) (ScriptedImporter) -> (artifact id: 'cc3da1573b0472f498893881b7a2bde1') in 0.004239 seconds
Number of updated asset objects reloaded before import = 0Number of asset objects unloaded after import = 10

========================================================================
Received Import Request.
  Time since last request: 0.000033 seconds.
  path: Assets/SimplePoly City - Low Poly Assets/Prefab/Props/Props_Traffic Sign_stop.prefab
  artifactKey: Guid(6c862cab8ca035a448da05df5868553a) Importer(2089858483,b0f066a214c2f5e87bad3c948f4d605d)
Start importing Assets/SimplePoly City - Low Poly Assets/Prefab/Props/Props_Traffic Sign_stop.prefab using Guid(6c862cab8ca035a448da05df5868553a) Importer(2089858483,b0f066a214c2f5e87bad3c948f4d605d) (ScriptedImporter) -> (artifact id: 'e55c9232aaeea8414e29d91ba302246d') in 0.002426291 seconds
Number of updated asset objects reloaded before import = 0Number of asset objects unloaded after import = 8

========================================================================
Received Import Request.
  Time since last request: 0.000089 seconds.
  path: Assets/SimplePoly City - Low Poly Assets/Prefab/Vehicles/Vehicle with Separated Wheels/Vehicle_Police Car_separate.prefab
  artifactKey: Guid(a7b60e70606f80245b2f8bc7ce2fadb6) Importer(2089858483,b0f066a214c2f5e87bad3c948f4d605d)
Start importing Assets/SimplePoly City - Low Poly Assets/Prefab/Vehicles/Vehicle with Separated Wheels/Vehicle_Police Car_separate.prefab using Guid(a7b60e70606f80245b2f8bc7ce2fadb6) Importer(2089858483,b0f066a214c2f5e87bad3c948f4d605d) (ScriptedImporter) -> (artifact id: 'e0db6968f820e602758ada6214e1ff83') in 0.001836333 seconds
Number of updated asset objects reloaded before import = 0Number of asset objects unloaded after import = 29

========================================================================
Received Import Request.
  Time since last request: 0.000040 seconds.
  path: Assets/SimplePoly City - Low Poly Assets/Prefab/Natures/Natures_Bush_03.prefab
  artifactKey: Guid(47ea3e3caeb3c2845bbd9339bdc7a282) Importer(2089858483,b0f066a214c2f5e87bad3c948f4d605d)
Start importing Assets/SimplePoly City - Low Poly Assets/Prefab/Natures/Natures_Bush_03.prefab using Guid(47ea3e3caeb3c2845bbd9339bdc7a282) Importer(2089858483,b0f066a214c2f5e87bad3c948f4d605d) (ScriptedImporter) -> (artifact id: '1bd19d12c7695abd5f40f0275dc4e64b') in 0.002372416 seconds
Number of updated asset objects reloaded before import = 0Number of asset objects unloaded after import = 8

========================================================================
Received Import Request.
  Time since last request: 0.000064 seconds.
  path: Assets/SimplePoly City - Low Poly Assets/Materials/Building_Auto Service.mat
  artifactKey: Guid(38ce9279a60381844a3f6a85bac88a3e) Importer(2089858483,b0f066a214c2f5e87bad3c948f4d605d)
Start importing Assets/SimplePoly City - Low Poly Assets/Materials/Building_Auto Service.mat using Guid(38ce9279a60381844a3f6a85bac88a3e) Importer(2089858483,b0f066a214c2f5e87bad3c948f4d605d) (ScriptedImporter) -> (artifact id: 'c1588e82c4d462096941459b4288429e') in 0.002182416 seconds
Number of updated asset objects reloaded before import = 0Number of asset objects unloaded after import = 2

========================================================================
Received Import Request.
  Time since last request: 0.000027 seconds.
  path: Assets/SimplePoly City - Low Poly Assets/Textures/Building_Super Market.png
  artifactKey: Guid(36aaf6a30be16934c8ba7886a9be97a5) Importer(2089858483,b0f066a214c2f5e87bad3c948f4d605d)
Start importing Assets/SimplePoly City - Low Poly Assets/Textures/Building_Super Market.png using Guid(36aaf6a30be16934c8ba7886a9be97a5) Importer(2089858483,b0f066a214c2f5e87bad3c948f4d605d) (ScriptedImporter) -> (artifact id: '71ec264e407383c0fc46475fa0818fc6') in 0.0026045 seconds
Number of updated asset objects reloaded before import = 0Number of asset objects unloaded after import = 1

========================================================================
Received Import Request.
  Time since last request: 0.000037 seconds.
  path: Assets/SimplePoly City - Low Poly Assets/Materials/Building_Drug Store.mat
  artifactKey: Guid(f9332e9be9cda3a4e8544e41a0366b6d) Importer(2089858483,b0f066a214c2f5e87bad3c948f4d605d)
Start importing Assets/SimplePoly City - Low Poly Assets/Materials/Building_Drug Store.mat using Guid(f9332e9be9cda3a4e8544e41a0366b6d) Importer(2089858483,b0f066a214c2f5e87bad3c948f4d605d) (ScriptedImporter) -> (artifact id: 'a9c01bb6d239289fa12124784db38c88') in 0.002074417 seconds
Number of updated asset objects reloaded before import = 0Number of asset objects unloaded after import = 2

========================================================================
Received Import Request.
  Time since last request: 0.000059 seconds.
  path: Assets/SimplePoly City - Low Poly Assets/Materials/Vehicle_Car_color02.mat
  artifactKey: Guid(444598fdbae3357408ac7daa0fd9eabe) Importer(2089858483,b0f066a214c2f5e87bad3c948f4d605d)
Start importing Assets/SimplePoly City - Low Poly Assets/Materials/Vehicle_Car_color02.mat using Guid(444598fdbae3357408ac7daa0fd9eabe) Importer(2089858483,b0f066a214c2f5e87bad3c948f4d605d) (ScriptedImporter) -> (artifact id: '4bb8d5d27a628e7c1e3c03bdb8584889') in 0.001793583 seconds
Number of updated asset objects reloaded before import = 0Number of asset objects unloaded after import = 2

========================================================================
Received Import Request.
  Time since last request: 0.000044 seconds.
  path: Assets/SimplePoly City - Low Poly Assets/Textures/Vehicle_Container_2.png
  artifactKey: Guid(26083320078152146942aeac058c39ad) Importer(2089858483,b0f066a214c2f5e87bad3c948f4d605d)
Start importing Assets/SimplePoly City - Low Poly Assets/Textures/Vehicle_Container_2.png using Guid(26083320078152146942aeac058c39ad) Importer(2089858483,b0f066a214c2f5e87bad3c948f4d605d) (ScriptedImporter) -> (artifact id: '8d8595ed670945bacf90475f89338d63') in 0.004037542 seconds
Number of updated asset objects reloaded before import = 0Number of asset objects unloaded after import = 1

========================================================================
Received Import Request.
  Time since last request: 0.000018 seconds.
  path: Assets/SimplePoly City - Low Poly Assets/Models/Vehicle_SUV.fbx
  artifactKey: Guid(c887da5f6e3230f4aa38afe5e8e30387) Importer(2089858483,b0f066a214c2f5e87bad3c948f4d605d)
Start importing Assets/SimplePoly City - Low Poly Assets/Models/Vehicle_SUV.fbx using Guid(c887da5f6e3230f4aa38afe5e8e30387) Importer(2089858483,b0f066a214c2f5e87bad3c948f4d605d) (ScriptedImporter) -> (artifact id: '4c7555e482da5f612de3ed29d2ee7033') in 0.003630833 seconds
Number of updated asset objects reloaded before import = 0Number of asset objects unloaded after import = 9

========================================================================
Received Import Request.
  Time since last request: 0.000028 seconds.
  path: Assets/SimplePoly City - Low Poly Assets/Models/Vehicle_Taxi.fbx
  artifactKey: Guid(a7419a75ac6929e48842c0470aa44718) Importer(2089858483,b0f066a214c2f5e87bad3c948f4d605d)
Start importing Assets/SimplePoly City - Low Poly Assets/Models/Vehicle_Taxi.fbx using Guid(a7419a75ac6929e48842c0470aa44718) Importer(2089858483,b0f066a214c2f5e87bad3c948f4d605d) (ScriptedImporter) -> (artifact id: '53f49c0cc8ebc188ec43f7f41004b114') in 0.003495209 seconds
Number of updated asset objects reloaded before import = 0Number of asset objects unloaded after import = 9

========================================================================
Received Import Request.
  Time since last request: 0.000029 seconds.
  path: Assets/SimplePoly City - Low Poly Assets/Materials/Vehicle_SUV_color03.mat
  artifactKey: Guid(66866c7f5319a2d4ab19d87f65b08692) Importer(2089858483,b0f066a214c2f5e87bad3c948f4d605d)
Start importing Assets/SimplePoly City - Low Poly Assets/Materials/Vehicle_SUV_color03.mat using Guid(66866c7f5319a2d4ab19d87f65b08692) Importer(2089858483,b0f066a214c2f5e87bad3c948f4d605d) (ScriptedImporter) -> (artifact id: 'b44eadd2b55a87591c28143b2935363b') in 0.001287083 seconds
Number of updated asset objects reloaded before import = 0Number of asset objects unloaded after import = 2

========================================================================
Received Import Request.
  Time since last request: 0.000027 seconds.
  path: Assets/SimplePoly City - Low Poly Assets/Materials/Vehicle_SUV_color02.mat
  artifactKey: Guid(6635f2e276b1e904bb60b1e67d0853da) Importer(2089858483,b0f066a214c2f5e87bad3c948f4d605d)
Start importing Assets/SimplePoly City - Low Poly Assets/Materials/Vehicle_SUV_color02.mat using Guid(6635f2e276b1e904bb60b1e67d0853da) Importer(2089858483,b0f066a214c2f5e87bad3c948f4d605d) (ScriptedImporter) -> (artifact id: 'f616445dba9e0466d505cdc1df5821d9') in 0.001325625 seconds
Number of updated asset objects reloaded before import = 0Number of asset objects unloaded after import = 2

========================================================================
Received Import Request.
  Time since last request: 0.000034 seconds.
  path: Assets/SimplePoly City - Low Poly Assets/Prefab/Props/Props_BillBoard_small.prefab
  artifactKey: Guid(b549b1699e4cdad44b2c014041303df4) Importer(2089858483,b0f066a214c2f5e87bad3c948f4d605d)
Start importing Assets/SimplePoly City - Low Poly Assets/Prefab/Props/Props_BillBoard_small.prefab using Guid(b549b1699e4cdad44b2c014041303df4) Importer(2089858483,b0f066a214c2f5e87bad3c948f4d605d) (ScriptedImporter) -> (artifact id: '72f8f6417da19a9a7da8bf1176b8db0b') in 0.001953625 seconds
Number of updated asset objects reloaded before import = 0Number of asset objects unloaded after import = 8

========================================================================
Received Import Request.
  Time since last request: 0.000053 seconds.
  path: Assets/SimplePoly City - Low Poly Assets/Materials/Props_BillBoard_medium.mat
  artifactKey: Guid(8a98f40ab24c33a4cb2d6dd96393db82) Importer(2089858483,b0f066a214c2f5e87bad3c948f4d605d)
Start importing Assets/SimplePoly City - Low Poly Assets/Materials/Props_BillBoard_medium.mat using Guid(8a98f40ab24c33a4cb2d6dd96393db82) Importer(2089858483,b0f066a214c2f5e87bad3c948f4d605d) (ScriptedImporter) -> (artifact id: '1c0017ebfdb515a8be726ff4ca86573d') in 0.001218834 seconds
Number of updated asset objects reloaded before import = 0Number of asset objects unloaded after import = 2

========================================================================
Received Import Request.
  Time since last request: 0.000029 seconds.
  path: Assets/SimplePoly City - Low Poly Assets/Models/Props_BillBoard_large.fbx
  artifactKey: Guid(3b11d86015e5ec34498b9a3d432bd029) Importer(2089858483,b0f066a214c2f5e87bad3c948f4d605d)
Start importing Assets/SimplePoly City - Low Poly Assets/Models/Props_BillBoard_large.fbx using Guid(3b11d86015e5ec34498b9a3d432bd029) Importer(2089858483,b0f066a214c2f5e87bad3c948f4d605d) (ScriptedImporter) -> (artifact id: '8021a045edfcc21726627a78e4c32ab2') in 0.003491625 seconds
Number of updated asset objects reloaded before import = 0Number of asset objects unloaded after import = 9

========================================================================
Received Import Request.
  Time since last request: 0.000033 seconds.
  path: Assets/SimplePoly City - Low Poly Assets/Prefab/Props/Props_Street Light.prefab
  artifactKey: Guid(b8ee657c6800ab849bb30b4375d02323) Importer(2089858483,b0f066a214c2f5e87bad3c948f4d605d)
Start importing Assets/SimplePoly City - Low Poly Assets/Prefab/Props/Props_Street Light.prefab using Guid(b8ee657c6800ab849bb30b4375d02323) Importer(2089858483,b0f066a214c2f5e87bad3c948f4d605d) (ScriptedImporter) -> (artifact id: 'fd0324da9ab09beefd217da931b0afd0') in 0.002056875 seconds
Number of updated asset objects reloaded before import = 0Number of asset objects unloaded after import = 8

========================================================================
Received Import Request.
  Time since last request: 0.000035 seconds.
  path: Assets/SimplePoly City - Low Poly Assets/Textures/Building_Coffee Shop.png
  artifactKey: Guid(939ea9febbadb6e4c906dcd31ca81e78) Importer(2089858483,b0f066a214c2f5e87bad3c948f4d605d)
Start importing Assets/SimplePoly City - Low Poly Assets/Textures/Building_Coffee Shop.png using Guid(939ea9febbadb6e4c906dcd31ca81e78) Importer(2089858483,b0f066a214c2f5e87bad3c948f4d605d) (ScriptedImporter) -> (artifact id: '8f102da74934fe26ffcd1035daf056d2') in 0.002216542 seconds
Number of updated asset objects reloaded before import = 0Number of asset objects unloaded after import = 1

========================================================================
Received Import Request.
  Time since last request: 0.000030 seconds.
  path: Assets/SimplePoly City - Low Poly Assets/Materials/Building_Restaurant.mat
  artifactKey: Guid(583621a2a9afaee4c93548c5ac08d4e3) Importer(2089858483,b0f066a214c2f5e87bad3c948f4d605d)
Start importing Assets/SimplePoly City - Low Poly Assets/Materials/Building_Restaurant.mat using Guid(583621a2a9afaee4c93548c5ac08d4e3) Importer(2089858483,b0f066a214c2f5e87bad3c948f4d605d) (ScriptedImporter) -> (artifact id: '7204ed363cdf59a6e173a06513ab9637') in 0.001209208 seconds
Number of updated asset objects reloaded before import = 0Number of asset objects unloaded after import = 2

========================================================================
Received Import Request.
  Time since last request: 0.000029 seconds.
  path: Assets/SimplePoly City - Low Poly Assets/Models/Natures_Bush_02.fbx
  artifactKey: Guid(f65d01a310db1b74582d89cdcb63fe4b) Importer(2089858483,b0f066a214c2f5e87bad3c948f4d605d)
Start importing Assets/SimplePoly City - Low Poly Assets/Models/Natures_Bush_02.fbx using Guid(f65d01a310db1b74582d89cdcb63fe4b) Importer(2089858483,b0f066a214c2f5e87bad3c948f4d605d) (ScriptedImporter) -> (artifact id: '0f9f869910bc1e3ade06138ba459cb99') in 0.00476775 seconds
Number of updated asset objects reloaded before import = 0Number of asset objects unloaded after import = 9

========================================================================
Received Import Request.
  Time since last request: 0.000053 seconds.
  path: Assets/SimplePoly City - Low Poly Assets/Textures/Building_Residential_color01.png
  artifactKey: Guid(b9f7df78bf267034f9f9667336dae55a) Importer(2089858483,b0f066a214c2f5e87bad3c948f4d605d)
Start importing Assets/SimplePoly City - Low Poly Assets/Textures/Building_Residential_color01.png using Guid(b9f7df78bf267034f9f9667336dae55a) Importer(2089858483,b0f066a214c2f5e87bad3c948f4d605d) (ScriptedImporter) -> (artifact id: '1ef98e8c7ccdd9aa868b7dbd3f900112') in 0.002252083 seconds
Number of updated asset objects reloaded before import = 0Number of asset objects unloaded after import = 1

========================================================================
Received Import Request.
  Time since last request: 0.000043 seconds.
  path: Assets/SimplePoly City - Low Poly Assets/Prefab/Vehicles/Vehicle with Static Wheels/Vehicle_Police Car.prefab
  artifactKey: Guid(1af0a2c8773f85c40bdb120f32cd8a8a) Importer(2089858483,b0f066a214c2f5e87bad3c948f4d605d)
Start importing Assets/SimplePoly City - Low Poly Assets/Prefab/Vehicles/Vehicle with Static Wheels/Vehicle_Police Car.prefab using Guid(1af0a2c8773f85c40bdb120f32cd8a8a) Importer(2089858483,b0f066a214c2f5e87bad3c948f4d605d) (ScriptedImporter) -> (artifact id: '16e3e01288d923a4f92db22e54be0fde') in 0.002065 seconds
Number of updated asset objects reloaded before import = 0Number of asset objects unloaded after import = 8

========================================================================
Received Import Request.
  Time since last request: 0.000030 seconds.
  path: Assets/SimplePoly City - Low Poly Assets/Models/Building_Pizza.fbx
  artifactKey: Guid(d015ce89362e9504890f33e36733d925) Importer(2089858483,b0f066a214c2f5e87bad3c948f4d605d)
Start importing Assets/SimplePoly City - Low Poly Assets/Models/Building_Pizza.fbx using Guid(d015ce89362e9504890f33e36733d925) Importer(2089858483,b0f066a214c2f5e87bad3c948f4d605d) (ScriptedImporter) -> (artifact id: '8c949d91c2330aa77e7006b0038e7a8c') in 0.002872541 seconds
Number of updated asset objects reloaded before import = 0Number of asset objects unloaded after import = 9

========================================================================
Received Import Request.
  Time since last request: 0.000047 seconds.
  path: Assets/SimplePoly City - Low Poly Assets/Models/Props_Traffic cone.fbx
  artifactKey: Guid(85d54012e6db84f428646fd470b7a555) Importer(2089858483,b0f066a214c2f5e87bad3c948f4d605d)
Start importing Assets/SimplePoly City - Low Poly Assets/Models/Props_Traffic cone.fbx using Guid(85d54012e6db84f428646fd470b7a555) Importer(2089858483,b0f066a214c2f5e87bad3c948f4d605d) (ScriptedImporter) -> (artifact id: '7ab92da79aa27f4b1cf28eccf5d830dc') in 0.002888959 seconds
Number of updated asset objects reloaded before import = 0Number of asset objects unloaded after import = 9

========================================================================
Received Import Request.
  Time since last request: 0.000042 seconds.
  path: Assets/SimplePoly City - Low Poly Assets/Models/Vehicle_Container_separate.fbx
  artifactKey: Guid(5e76bd7f638b280469d7653f47693abd) Importer(2089858483,b0f066a214c2f5e87bad3c948f4d605d)
Start importing Assets/SimplePoly City - Low Poly Assets/Models/Vehicle_Container_separate.fbx using Guid(5e76bd7f638b280469d7653f47693abd) Importer(2089858483,b0f066a214c2f5e87bad3c948f4d605d) (ScriptedImporter) -> (artifact id: '9e6557ea5db40ee435fecc9c5d600d2b') in 0.004077875 seconds
Number of updated asset objects reloaded before import = 0Number of asset objects unloaded after import = 41

========================================================================
Received Import Request.
  Time since last request: 0.000092 seconds.
  path: Assets/SimplePoly City - Low Poly Assets/Prefab/Buildings/Building_Auto Service.prefab
  artifactKey: Guid(121f662ea65e2cf40a50c66470757a9e) Importer(2089858483,b0f066a214c2f5e87bad3c948f4d605d)
Start importing Assets/SimplePoly City - Low Poly Assets/Prefab/Buildings/Building_Auto Service.prefab using Guid(121f662ea65e2cf40a50c66470757a9e) Importer(2089858483,b0f066a214c2f5e87bad3c948f4d605d) (ScriptedImporter) -> (artifact id: 'b110a9d5118e962043f5b5c50d7059d8') in 0.00239475 seconds
Number of updated asset objects reloaded before import = 0Number of asset objects unloaded after import = 8

========================================================================
Received Import Request.
  Time since last request: 0.000047 seconds.
  path: Assets/SimplePoly City - Low Poly Assets/Models/Props_Bench_1.fbx
  artifactKey: Guid(069faa75324807b4d99f059f6622d7c2) Importer(2089858483,b0f066a214c2f5e87bad3c948f4d605d)
Start importing Assets/SimplePoly City - Low Poly Assets/Models/Props_Bench_1.fbx using Guid(069faa75324807b4d99f059f6622d7c2) Importer(2089858483,b0f066a214c2f5e87bad3c948f4d605d) (ScriptedImporter) -> (artifact id: '79f304d46547f0944b788a0285696bac') in 0.005405292 seconds
Number of updated asset objects reloaded before import = 0Number of asset objects unloaded after import = 9

========================================================================
Received Import Request.
  Time since last request: 0.000037 seconds.
  path: Assets/SimplePoly City - Low Poly Assets/Materials/Building_Bar.mat
  artifactKey: Guid(1a8b38fa8ecb06d4b8eadffe456fd574) Importer(2089858483,b0f066a214c2f5e87bad3c948f4d605d)
Start importing Assets/SimplePoly City - Low Poly Assets/Materials/Building_Bar.mat using Guid(1a8b38fa8ecb06d4b8eadffe456fd574) Importer(2089858483,b0f066a214c2f5e87bad3c948f4d605d) (ScriptedImporter) -> (artifact id: '18fa25a900b0f15f0a614945e81605f1') in 0.001668292 seconds
Number of updated asset objects reloaded before import = 0Number of asset objects unloaded after import = 2

========================================================================
Received Import Request.
  Time since last request: 0.000052 seconds.
  path: Assets/SimplePoly City - Low Poly Assets/Textures/Building_Bakery.png
  artifactKey: Guid(09a293ef617f8cf49983c38c3d860c82) Importer(2089858483,b0f066a214c2f5e87bad3c948f4d605d)
Start importing Assets/SimplePoly City - Low Poly Assets/Textures/Building_Bakery.png using Guid(09a293ef617f8cf49983c38c3d860c82) Importer(2089858483,b0f066a214c2f5e87bad3c948f4d605d) (ScriptedImporter) -> (artifact id: '044fae4d35d48194d951b30b54cc84a7') in 0.002588709 seconds
Number of updated asset objects reloaded before import = 0Number of asset objects unloaded after import = 1

========================================================================
Received Import Request.
  Time since last request: 0.000040 seconds.
  path: Assets/SimplePoly City - Low Poly Assets/Models/Natures_Pot Bush_big.fbx
  artifactKey: Guid(47c1421697edd00439084088bf4efb68) Importer(2089858483,b0f066a214c2f5e87bad3c948f4d605d)
Start importing Assets/SimplePoly City - Low Poly Assets/Models/Natures_Pot Bush_big.fbx using Guid(47c1421697edd00439084088bf4efb68) Importer(2089858483,b0f066a214c2f5e87bad3c948f4d605d) (ScriptedImporter) -> (artifact id: 'd0acecca19afced46520a89c42b091c4') in 0.003192875 seconds
Number of updated asset objects reloaded before import = 0Number of asset objects unloaded after import = 9

========================================================================
Received Import Request.
  Time since last request: 740.539505 seconds.
  path: Assets/GeniusCrate_Games/Chair_sofa_set(interior)/Texture Maps/Chair_sofa_set/Pillow_04/Pillows_ambient_occlusion.png
  artifactKey: Guid(23f29af7468a9644a9103e518a8618b8) Importer(2089858483,b0f066a214c2f5e87bad3c948f4d605d)
Start importing Assets/GeniusCrate_Games/Chair_sofa_set(interior)/Texture Maps/Chair_sofa_set/Pillow_04/Pillows_ambient_occlusion.png using Guid(23f29af7468a9644a9103e518a8618b8) Importer(2089858483,b0f066a214c2f5e87bad3c948f4d605d) (ScriptedImporter) -> (artifact id: '25b9dbe4e5f0f448e5828728aa707af2') in 0.009155208 seconds
Number of updated asset objects reloaded before import = 0Number of asset objects unloaded after import = 1

========================================================================
Received Import Request.
  Time since last request: 0.000074 seconds.
  path: Assets/GeniusCrate_Games/Chair_sofa_set(interior)/Material/Chair_sofa_set/Sofa_03_mat.mat
  artifactKey: Guid(ac24c7e7a05c8114590248416113721a) Importer(2089858483,b0f066a214c2f5e87bad3c948f4d605d)
Start importing Assets/GeniusCrate_Games/Chair_sofa_set(interior)/Material/Chair_sofa_set/Sofa_03_mat.mat using Guid(ac24c7e7a05c8114590248416113721a) Importer(2089858483,b0f066a214c2f5e87bad3c948f4d605d) (ScriptedImporter) -> (artifact id: '1169889cfab2884f60b332a20c0a075d') in 0.052107708 seconds
Number of updated asset objects reloaded before import = 0Number of asset objects unloaded after import = 5

========================================================================
Received Import Request.
  Time since last request: 0.000072 seconds.
  path: Assets/GeniusCrate_Games/Chair_sofa_set(interior)/Model/Chair_sofa_set/Sofa_03.fbx
  artifactKey: Guid(a63b1d76b1c91034a913088ae7186574) Importer(2089858483,b0f066a214c2f5e87bad3c948f4d605d)
Start importing Assets/GeniusCrate_Games/Chair_sofa_set(interior)/Model/Chair_sofa_set/Sofa_03.fbx using Guid(a63b1d76b1c91034a913088ae7186574) Importer(2089858483,b0f066a214c2f5e87bad3c948f4d605d) (ScriptedImporter) -> (artifact id: '58b7693a8bcc3fb43ba6af302a29f555') in 0.0052875 seconds
Number of updated asset objects reloaded before import = 0Number of asset objects unloaded after import = 8

========================================================================
Received Import Request.
  Time since last request: 0.000031 seconds.
  path: Assets/GeniusCrate_Games/Chair_sofa_set(interior)/Model/Chair_sofa_set/pillow.fbx
  artifactKey: Guid(a53ab94726bcecc4e9b3e74b1a1e8516) Importer(2089858483,b0f066a214c2f5e87bad3c948f4d605d)
Start importing Assets/GeniusCrate_Games/Chair_sofa_set(interior)/Model/Chair_sofa_set/pillow.fbx using Guid(a53ab94726bcecc4e9b3e74b1a1e8516) Importer(2089858483,b0f066a214c2f5e87bad3c948f4d605d) (ScriptedImporter) -> (artifact id: '1b53eda29700045af50a6510797a02ba') in 0.010498417 seconds
Number of updated asset objects reloaded before import = 0Number of asset objects unloaded after import = 25

========================================================================
Received Import Request.
  Time since last request: 0.000038 seconds.
  path: Assets/GeniusCrate_Games/Chair_sofa_set(interior)/Texture Maps/Chair_sofa_set/Pillow_04/Pillows_Roughness.png
  artifactKey: Guid(149034aebf47f864ca8874ab84752585) Importer(2089858483,b0f066a214c2f5e87bad3c948f4d605d)
Start importing Assets/GeniusCrate_Games/Chair_sofa_set(interior)/Texture Maps/Chair_sofa_set/Pillow_04/Pillows_Roughness.png using Guid(149034aebf47f864ca8874ab84752585) Importer(2089858483,b0f066a214c2f5e87bad3c948f4d605d) (ScriptedImporter) -> (artifact id: '39adc34f2bf44ad439766ec69a06c28e') in 0.003757583 seconds
Number of updated asset objects reloaded before import = 0Number of asset objects unloaded after import = 1

========================================================================
Received Import Request.
  Time since last request: 0.000094 seconds.
  path: Assets/GeniusCrate_Games/Chair_sofa_set(interior)/Texture Maps/Chair_sofa_set/Pillow_04/Pillows_Metallic.png
  artifactKey: Guid(ee1ad900ffe5da1468e79f98117eb905) Importer(2089858483,b0f066a214c2f5e87bad3c948f4d605d)
Start importing Assets/GeniusCrate_Games/Chair_sofa_set(interior)/Texture Maps/Chair_sofa_set/Pillow_04/Pillows_Metallic.png using Guid(ee1ad900ffe5da1468e79f98117eb905) Importer(2089858483,b0f066a214c2f5e87bad3c948f4d605d) (ScriptedImporter) -> (artifact id: '97fb23e7339e74f9aedc26ac85e876f2') in 0.007289334 seconds
Number of updated asset objects reloaded before import = 0Number of asset objects unloaded after import = 1

========================================================================
Received Import Request.
  Time since last request: 0.000047 seconds.
  path: Assets/GeniusCrate_Games/Chair_sofa_set(interior)/Material/Chair_sofa_set/sofa_01_mat.mat
  artifactKey: Guid(3ed5e9730142cd94e9693a7b577c0c73) Importer(2089858483,b0f066a214c2f5e87bad3c948f4d605d)
Start importing Assets/GeniusCrate_Games/Chair_sofa_set(interior)/Material/Chair_sofa_set/sofa_01_mat.mat using Guid(3ed5e9730142cd94e9693a7b577c0c73) Importer(2089858483,b0f066a214c2f5e87bad3c948f4d605d) (ScriptedImporter) -> (artifact id: '3acf61568b5aa330bd5dea79fb20b4ae') in 0.009419333 seconds
Number of updated asset objects reloaded before import = 0Number of asset objects unloaded after import = 7

========================================================================
Received Import Request.
  Time since last request: 0.000029 seconds.
  path: Assets/GeniusCrate_Games/Chair_sofa_set(interior)/Model/Chair_sofa_set/Chair_01.fbx
  artifactKey: Guid(2ece0fc6f30fcc54f88bf39cc7a54209) Importer(2089858483,b0f066a214c2f5e87bad3c948f4d605d)
Start importing Assets/GeniusCrate_Games/Chair_sofa_set(interior)/Model/Chair_sofa_set/Chair_01.fbx using Guid(2ece0fc6f30fcc54f88bf39cc7a54209) Importer(2089858483,b0f066a214c2f5e87bad3c948f4d605d) (ScriptedImporter) -> (artifact id: 'e597b4c5cf4369851c4f027c147999ea') in 0.00313725 seconds
Number of updated asset objects reloaded before import = 0Number of asset objects unloaded after import = 8

========================================================================
Received Import Request.
  Time since last request: 0.000035 seconds.
  path: Assets/GeniusCrate_Games/Chair_sofa_set(interior)/Material/Chair_sofa_set/Chair_04_mat.mat
  artifactKey: Guid(97c1ea75e183a514b85db04d867c4b04) Importer(2089858483,b0f066a214c2f5e87bad3c948f4d605d)
Start importing Assets/GeniusCrate_Games/Chair_sofa_set(interior)/Material/Chair_sofa_set/Chair_04_mat.mat using Guid(97c1ea75e183a514b85db04d867c4b04) Importer(2089858483,b0f066a214c2f5e87bad3c948f4d605d) (ScriptedImporter) -> (artifact id: '0664f60dee896f743d719852627f97f6') in 0.00616275 seconds
Number of updated asset objects reloaded before import = 0Number of asset objects unloaded after import = 6

========================================================================
Received Import Request.
  Time since last request: 0.000067 seconds.
  path: Assets/GeniusCrate_Games/Chair_sofa_set(interior)/Texture Maps/Chair_sofa_set/Pillow_02/Pillows_Roughness.png
  artifactKey: Guid(cac2991a5a07f994487d8dac98148b2a) Importer(2089858483,b0f066a214c2f5e87bad3c948f4d605d)
Start importing Assets/GeniusCrate_Games/Chair_sofa_set(interior)/Texture Maps/Chair_sofa_set/Pillow_02/Pillows_Roughness.png using Guid(cac2991a5a07f994487d8dac98148b2a) Importer(2089858483,b0f066a214c2f5e87bad3c948f4d605d) (ScriptedImporter) -> (artifact id: '0566604987c28f2f63836c3ce562a1a5') in 0.005105209 seconds
Number of updated asset objects reloaded before import = 0Number of asset objects unloaded after import = 1

========================================================================
Received Import Request.
  Time since last request: 0.000051 seconds.
  path: Assets/GeniusCrate_Games/Chair_sofa_set(interior)/Texture Maps/Chair_sofa_set/Sofa_02/Sofa_02_Height.png
  artifactKey: Guid(aad3d2b848376d648b0bf2df4bec6374) Importer(2089858483,b0f066a214c2f5e87bad3c948f4d605d)
Start importing Assets/GeniusCrate_Games/Chair_sofa_set(interior)/Texture Maps/Chair_sofa_set/Sofa_02/Sofa_02_Height.png using Guid(aad3d2b848376d648b0bf2df4bec6374) Importer(2089858483,b0f066a214c2f5e87bad3c948f4d605d) (ScriptedImporter) -> (artifact id: '3074377ed6f8ebdbf213c9de3faf9d82') in 0.004192042 seconds
Number of updated asset objects reloaded before import = 0Number of asset objects unloaded after import = 1

========================================================================
Received Import Request.
  Time since last request: 0.000056 seconds.
  path: Assets/GeniusCrate_Games/Chair_sofa_set(interior)/Texture Maps/Chair_sofa_set/Sofa_03
  artifactKey: Guid(012d50b1dc2446c44aca7b0c1a6d3508) Importer(2089858483,b0f066a214c2f5e87bad3c948f4d605d)
Start importing Assets/GeniusCrate_Games/Chair_sofa_set(interior)/Texture Maps/Chair_sofa_set/Sofa_03 using Guid(012d50b1dc2446c44aca7b0c1a6d3508) Importer(2089858483,b0f066a214c2f5e87bad3c948f4d605d) (ScriptedImporter) -> (artifact id: '7b49d40cf964af4e3c54f25dd905e5a2') in 0.001643042 seconds
Number of updated asset objects reloaded before import = 0Number of asset objects unloaded after import = 1

========================================================================
Received Import Request.
  Time since last request: 0.000044 seconds.
  path: Assets/GeniusCrate_Games/Chair_sofa_set(interior)/Prefab/Chair_sofa_set/Chair_02.prefab
  artifactKey: Guid(6ed652e1405a6ce439762ecbd45b5579) Importer(2089858483,b0f066a214c2f5e87bad3c948f4d605d)
Start importing Assets/GeniusCrate_Games/Chair_sofa_set(interior)/Prefab/Chair_sofa_set/Chair_02.prefab using Guid(6ed652e1405a6ce439762ecbd45b5579) Importer(2089858483,b0f066a214c2f5e87bad3c948f4d605d) (ScriptedImporter) -> (artifact id: '8d7afb178d7de7d9ab64b787fe2fca19') in 0.004591042 seconds
Number of updated asset objects reloaded before import = 0Number of asset objects unloaded after import = 14

========================================================================
Received Import Request.
  Time since last request: 0.000038 seconds.
  path: Assets/GeniusCrate_Games/Chair_sofa_set(interior)/Texture Maps/Chair_sofa_set/Chair_04/chair_04_Height.png
  artifactKey: Guid(f3c9a85549fdfbe44b8cf34ef52649ae) Importer(2089858483,b0f066a214c2f5e87bad3c948f4d605d)
Start importing Assets/GeniusCrate_Games/Chair_sofa_set(interior)/Texture Maps/Chair_sofa_set/Chair_04/chair_04_Height.png using Guid(f3c9a85549fdfbe44b8cf34ef52649ae) Importer(2089858483,b0f066a214c2f5e87bad3c948f4d605d) (ScriptedImporter) -> (artifact id: '84484224e93ea93c8cc537e7b335146f') in 0.003607583 seconds
Number of updated asset objects reloaded before import = 0Number of asset objects unloaded after import = 1

========================================================================
Received Import Request.
  Time since last request: 0.000053 seconds.
  path: Assets/GeniusCrate_Games/Chair_sofa_set(interior)/Texture Maps/Chair_sofa_set/Round_sofa/Round_sofa_Normal.png
  artifactKey: Guid(0fc8f7fd584e11747b5be4f6dad427d9) Importer(2089858483,b0f066a214c2f5e87bad3c948f4d605d)
Start importing Assets/GeniusCrate_Games/Chair_sofa_set(interior)/Texture Maps/Chair_sofa_set/Round_sofa/Round_sofa_Normal.png using Guid(0fc8f7fd584e11747b5be4f6dad427d9) Importer(2089858483,b0f066a214c2f5e87bad3c948f4d605d) (ScriptedImporter) -> (artifact id: 'b026af8d4fdaf01b9aabefcca79695b9') in 0.004679917 seconds
Number of updated asset objects reloaded before import = 0Number of asset objects unloaded after import = 1

========================================================================
Received Import Request.
  Time since last request: 0.000062 seconds.
  path: Assets/GeniusCrate_Games/Chair_sofa_set(interior)/Texture Maps/Chair_sofa_set/Chair_05/Chair_05_n.png
  artifactKey: Guid(c61b9444a810482489707f8a14b4a205) Importer(2089858483,b0f066a214c2f5e87bad3c948f4d605d)
Start importing Assets/GeniusCrate_Games/Chair_sofa_set(interior)/Texture Maps/Chair_sofa_set/Chair_05/Chair_05_n.png using Guid(c61b9444a810482489707f8a14b4a205) Importer(2089858483,b0f066a214c2f5e87bad3c948f4d605d) (ScriptedImporter) -> (artifact id: '673d30a6b2459ebf09c14fd88e756028') in 0.0034515 seconds
Number of updated asset objects reloaded before import = 0Number of asset objects unloaded after import = 1

========================================================================
Received Import Request.
  Time since last request: 0.000086 seconds.
  path: Assets/GeniusCrate_Games/Chair_sofa_set(interior)/Texture Maps/Chair_sofa_set/Chair_06/Chair_06_bc.png
  artifactKey: Guid(e1eebc651814c1d4c95043e21c5f49a9) Importer(2089858483,b0f066a214c2f5e87bad3c948f4d605d)
Start importing Assets/GeniusCrate_Games/Chair_sofa_set(interior)/Texture Maps/Chair_sofa_set/Chair_06/Chair_06_bc.png using Guid(e1eebc651814c1d4c95043e21c5f49a9) Importer(2089858483,b0f066a214c2f5e87bad3c948f4d605d) (ScriptedImporter) -> (artifact id: '040e41804c452eafe8069bd4a5ce889e') in 0.006812292 seconds
Number of updated asset objects reloaded before import = 0Number of asset objects unloaded after import = 1

========================================================================
Received Import Request.
  Time since last request: 0.000041 seconds.
  path: Assets/GeniusCrate_Games/Chair_sofa_set(interior)/Model/Chair_sofa_set/Round_sofa.fbx
  artifactKey: Guid(6f30f56e30347ee4f8e42bd119900c96) Importer(2089858483,b0f066a214c2f5e87bad3c948f4d605d)
Start importing Assets/GeniusCrate_Games/Chair_sofa_set(interior)/Model/Chair_sofa_set/Round_sofa.fbx using Guid(6f30f56e30347ee4f8e42bd119900c96) Importer(2089858483,b0f066a214c2f5e87bad3c948f4d605d) (ScriptedImporter) -> (artifact id: 'eb57b4a80c2caed10771ce8e046251fb') in 0.0052645 seconds
Number of updated asset objects reloaded before import = 0Number of asset objects unloaded after import = 8

========================================================================
Received Import Request.
  Time since last request: 0.000030 seconds.
  path: Assets/GeniusCrate_Games/Chair_sofa_set(interior)/Material/Chair_sofa_set/Pillow_01.mat
  artifactKey: Guid(e4a7e0c76b0f5b54ab9a31add969428f) Importer(2089858483,b0f066a214c2f5e87bad3c948f4d605d)
Start importing Assets/GeniusCrate_Games/Chair_sofa_set(interior)/Material/Chair_sofa_set/Pillow_01.mat using Guid(e4a7e0c76b0f5b54ab9a31add969428f) Importer(2089858483,b0f066a214c2f5e87bad3c948f4d605d) (ScriptedImporter) -> (artifact id: 'b60661c3386189a2b2c6193660668c4c') in 0.008621209 seconds
Number of updated asset objects reloaded before import = 0Number of asset objects unloaded after import = 7

========================================================================
Received Import Request.
  Time since last request: 0.000133 seconds.
  path: Assets/GeniusCrate_Games/Chair_sofa_set(interior)/Texture Maps/Chair_sofa_set/Pillow_03/Pillows_ambient_occlusion.png
  artifactKey: Guid(48c9986a2e168cc48be3e62105f08f7e) Importer(2089858483,b0f066a214c2f5e87bad3c948f4d605d)
Start importing Assets/GeniusCrate_Games/Chair_sofa_set(interior)/Texture Maps/Chair_sofa_set/Pillow_03/Pillows_ambient_occlusion.png using Guid(48c9986a2e168cc48be3e62105f08f7e) Importer(2089858483,b0f066a214c2f5e87bad3c948f4d605d) (ScriptedImporter) -> (artifact id: '0b4e3e708cdb28c41af12cd618772def') in 0.004033208 seconds
Number of updated asset objects reloaded before import = 0Number of asset objects unloaded after import = 1

========================================================================
Received Import Request.
  Time since last request: 0.000073 seconds.
  path: Assets/GeniusCrate_Games/Chair_sofa_set(interior)/Texture Maps/Chair_sofa_set/Chair_06/Chair_06_rh.png
  artifactKey: Guid(8739d3e58860b734e84ffffa84ad9e9c) Importer(2089858483,b0f066a214c2f5e87bad3c948f4d605d)
Start importing Assets/GeniusCrate_Games/Chair_sofa_set(interior)/Texture Maps/Chair_sofa_set/Chair_06/Chair_06_rh.png using Guid(8739d3e58860b734e84ffffa84ad9e9c) Importer(2089858483,b0f066a214c2f5e87bad3c948f4d605d) (ScriptedImporter) -> (artifact id: 'dc59e0ec83bc48a385161b8aa05798c2') in 0.003218208 seconds
Number of updated asset objects reloaded before import = 0Number of asset objects unloaded after import = 1

========================================================================
Received Import Request.
  Time since last request: 0.000037 seconds.
  path: Assets/GeniusCrate_Games/Chair_sofa_set(interior)/Material
  artifactKey: Guid(11088bfaf31d3d448badeec43ba19fe3) Importer(2089858483,b0f066a214c2f5e87bad3c948f4d605d)
Start importing Assets/GeniusCrate_Games/Chair_sofa_set(interior)/Material using Guid(11088bfaf31d3d448badeec43ba19fe3) Importer(2089858483,b0f066a214c2f5e87bad3c948f4d605d) (ScriptedImporter) -> (artifact id: '7ae4cbf53a3a28f2d70a5dd2225fa36a') in 0.001628333 seconds
Number of updated asset objects reloaded before import = 0Number of asset objects unloaded after import = 1

========================================================================
Received Import Request.
  Time since last request: 0.000032 seconds.
  path: Assets/GeniusCrate_Games/Chair_sofa_set(interior)/Texture Maps/Chair_sofa_set/Chair_02/Chair_02_Metallic.png
  artifactKey: Guid(f3d2765cd9bd34c4eaa61992b23f4606) Importer(2089858483,b0f066a214c2f5e87bad3c948f4d605d)
Start importing Assets/GeniusCrate_Games/Chair_sofa_set(interior)/Texture Maps/Chair_sofa_set/Chair_02/Chair_02_Metallic.png using Guid(f3d2765cd9bd34c4eaa61992b23f4606) Importer(2089858483,b0f066a214c2f5e87bad3c948f4d605d) (ScriptedImporter) -> (artifact id: '4863daa0c388923269173944eb0ad561') in 0.004209458 seconds
Number of updated asset objects reloaded before import = 0Number of asset objects unloaded after import = 1

========================================================================
Received Import Request.
  Time since last request: 0.000044 seconds.
  path: Assets/GeniusCrate_Games/Chair_sofa_set(interior)/Material/floor_mat.mat
  artifactKey: Guid(00de79604fa8c8d4b83a201af7a0769c) Importer(2089858483,b0f066a214c2f5e87bad3c948f4d605d)
Start importing Assets/GeniusCrate_Games/Chair_sofa_set(interior)/Material/floor_mat.mat using Guid(00de79604fa8c8d4b83a201af7a0769c) Importer(2089858483,b0f066a214c2f5e87bad3c948f4d605d) (ScriptedImporter) -> (artifact id: 'd22c47ce3a727dc19c15442b65824963') in 0.00371525 seconds
Number of updated asset objects reloaded before import = 0Number of asset objects unloaded after import = 1

========================================================================
Received Import Request.
  Time since last request: 0.000113 seconds.
  path: Assets/GeniusCrate_Games/Chair_sofa_set(interior)/Texture Maps/Chair_sofa_set/Pillow_03
  artifactKey: Guid(4c6a6d8abf258c8468ccbb014a9b95fe) Importer(2089858483,b0f066a214c2f5e87bad3c948f4d605d)
Start importing Assets/GeniusCrate_Games/Chair_sofa_set(interior)/Texture Maps/Chair_sofa_set/Pillow_03 using Guid(4c6a6d8abf258c8468ccbb014a9b95fe) Importer(2089858483,b0f066a214c2f5e87bad3c948f4d605d) (ScriptedImporter) -> (artifact id: '06b9ab60d1c5388605d939e7160f7c95') in 0.001073333 seconds
Number of updated asset objects reloaded before import = 0Number of asset objects unloaded after import = 1

========================================================================
Received Import Request.
  Time since last request: 0.000096 seconds.
  path: Assets/GeniusCrate_Games/Chair_sofa_set(interior)/Texture Maps/Chair_sofa_set/Chair_05
  artifactKey: Guid(638851b266208794487f4d49e5a2871a) Importer(2089858483,b0f066a214c2f5e87bad3c948f4d605d)
Start importing Assets/GeniusCrate_Games/Chair_sofa_set(interior)/Texture Maps/Chair_sofa_set/Chair_05 using Guid(638851b266208794487f4d49e5a2871a) Importer(2089858483,b0f066a214c2f5e87bad3c948f4d605d) (ScriptedImporter) -> (artifact id: 'fc6014e89b02222ce8367adc59762179') in 0.00107175 seconds
Number of updated asset objects reloaded before import = 0Number of asset objects unloaded after import = 1

========================================================================
Received Import Request.
  Time since last request: 0.000036 seconds.
  path: Assets/GeniusCrate_Games/Chair_sofa_set(interior)/Texture Maps/Chair_sofa_set/Pillow_03/Pillows_Roughness.png
  artifactKey: Guid(d6bffc1197e38254fb4c9531ed757c22) Importer(2089858483,b0f066a214c2f5e87bad3c948f4d605d)
Start importing Assets/GeniusCrate_Games/Chair_sofa_set(interior)/Texture Maps/Chair_sofa_set/Pillow_03/Pillows_Roughness.png using Guid(d6bffc1197e38254fb4c9531ed757c22) Importer(2089858483,b0f066a214c2f5e87bad3c948f4d605d) (ScriptedImporter) -> (artifact id: '228848b0326e930b717a534ed6c294c0') in 0.003208792 seconds
Number of updated asset objects reloaded before import = 0Number of asset objects unloaded after import = 1

========================================================================
Received Import Request.
  Time since last request: 0.000048 seconds.
  path: Assets/GeniusCrate_Games/Chair_sofa_set(interior)/Texture Maps/Chair_sofa_set/Chair_06/Chair_06_n.png
  artifactKey: Guid(458feef94859eb9428c363d62b537c32) Importer(2089858483,b0f066a214c2f5e87bad3c948f4d605d)
Start importing Assets/GeniusCrate_Games/Chair_sofa_set(interior)/Texture Maps/Chair_sofa_set/Chair_06/Chair_06_n.png using Guid(458feef94859eb9428c363d62b537c32) Importer(2089858483,b0f066a214c2f5e87bad3c948f4d605d) (ScriptedImporter) -> (artifact id: 'a7ebf7a27dd766e8d9945057ef5bdb6c') in 0.005201917 seconds
Number of updated asset objects reloaded before import = 0Number of asset objects unloaded after import = 1

========================================================================
Received Import Request.
  Time since last request: 0.000046 seconds.
  path: Assets/GeniusCrate_Games/Chair_sofa_set(interior)/Prefab/Chair_sofa_set/pillow.prefab
  artifactKey: Guid(6766eaa7d6f0f134a8df42490b31c3ea) Importer(2089858483,b0f066a214c2f5e87bad3c948f4d605d)
Start importing Assets/GeniusCrate_Games/Chair_sofa_set(interior)/Prefab/Chair_sofa_set/pillow.prefab using Guid(6766eaa7d6f0f134a8df42490b31c3ea) Importer(2089858483,b0f066a214c2f5e87bad3c948f4d605d) (ScriptedImporter) -> (artifact id: 'd6481cb89aab847ed10816062ba2f443') in 0.001837333 seconds
Number of updated asset objects reloaded before import = 0Number of asset objects unloaded after import = 44

========================================================================
Received Import Request.
  Time since last request: 0.000040 seconds.
  path: Assets/GeniusCrate_Games/Chair_sofa_set(interior)/Model/Chair_sofa_set/Chair_06.fbx
  artifactKey: Guid(2c6c47a5cbb72d8499a9793f5c63636f) Importer(2089858483,b0f066a214c2f5e87bad3c948f4d605d)
Start importing Assets/GeniusCrate_Games/Chair_sofa_set(interior)/Model/Chair_sofa_set/Chair_06.fbx using Guid(2c6c47a5cbb72d8499a9793f5c63636f) Importer(2089858483,b0f066a214c2f5e87bad3c948f4d605d) (ScriptedImporter) -> (artifact id: '67c1eb99a2017fc9496992f5b410da68') in 0.004011125 seconds
Number of updated asset objects reloaded before import = 0Number of asset objects unloaded after import = 8

========================================================================
Received Import Request.
  Time since last request: 0.000048 seconds.
  path: Assets/GeniusCrate_Games/Chair_sofa_set(interior)/Texture Maps/Chair_sofa_set/Chair_02/Chair_02_BaseColor.png
  artifactKey: Guid(52334ce7b78fca44da93c1ac321e7bdf) Importer(2089858483,b0f066a214c2f5e87bad3c948f4d605d)
Start importing Assets/GeniusCrate_Games/Chair_sofa_set(interior)/Texture Maps/Chair_sofa_set/Chair_02/Chair_02_BaseColor.png using Guid(52334ce7b78fca44da93c1ac321e7bdf) Importer(2089858483,b0f066a214c2f5e87bad3c948f4d605d) (ScriptedImporter) -> (artifact id: '8a7079cba1463dcbe78d4e87bae4563b') in 0.006865875 seconds
Number of updated asset objects reloaded before import = 0Number of asset objects unloaded after import = 1

========================================================================
Received Import Request.
  Time since last request: 0.000104 seconds.
  path: Assets/GeniusCrate_Games/Chair_sofa_set(interior)/Texture Maps/Chair_sofa_set/Sofa_04/sofa_04_low_Roughness.png
  artifactKey: Guid(dd04f8384d088e348bbda1861a1cb2ef) Importer(2089858483,b0f066a214c2f5e87bad3c948f4d605d)
Start importing Assets/GeniusCrate_Games/Chair_sofa_set(interior)/Texture Maps/Chair_sofa_set/Sofa_04/sofa_04_low_Roughness.png using Guid(dd04f8384d088e348bbda1861a1cb2ef) Importer(2089858483,b0f066a214c2f5e87bad3c948f4d605d) (ScriptedImporter) -> (artifact id: 'c4e9c354f78d2754c239fcd4a1384204') in 0.004491666 seconds
Number of updated asset objects reloaded before import = 0Number of asset objects unloaded after import = 1

========================================================================
Received Import Request.
  Time since last request: 0.000055 seconds.
  path: Assets/GeniusCrate_Games/Chair_sofa_set(interior)
  artifactKey: Guid(89191ebc3230ea544bade485d8ef15a6) Importer(2089858483,b0f066a214c2f5e87bad3c948f4d605d)
Start importing Assets/GeniusCrate_Games/Chair_sofa_set(interior) using Guid(89191ebc3230ea544bade485d8ef15a6) Importer(2089858483,b0f066a214c2f5e87bad3c948f4d605d) (ScriptedImporter) -> (artifact id: '7d2fca5a4648433f7d2b3e4e694957ed') in 0.001119292 seconds
Number of updated asset objects reloaded before import = 0Number of asset objects unloaded after import = 1

========================================================================
Received Import Request.
  Time since last request: 0.000071 seconds.
  path: Assets/GeniusCrate_Games/Chair_sofa_set(interior)/Texture Maps/Chair_sofa_set/Sofa_01/Sofa_Normal.png
  artifactKey: Guid(40e50517045954d43870d3b0f76a3171) Importer(2089858483,b0f066a214c2f5e87bad3c948f4d605d)
Start importing Assets/GeniusCrate_Games/Chair_sofa_set(interior)/Texture Maps/Chair_sofa_set/Sofa_01/Sofa_Normal.png using Guid(40e50517045954d43870d3b0f76a3171) Importer(2089858483,b0f066a214c2f5e87bad3c948f4d605d) (ScriptedImporter) -> (artifact id: '2e4b59749e77270e90d85f0c093ac67f') in 0.003787084 seconds
Number of updated asset objects reloaded before import = 0Number of asset objects unloaded after import = 1

========================================================================
Received Import Request.
  Time since last request: 0.000045 seconds.
  path: Assets/GeniusCrate_Games/Chair_sofa_set(interior)/Model/Chair_sofa_set/Hall_shofa.fbx
  artifactKey: Guid(95cdbedb1cbf9864da6347bd48347d03) Importer(2089858483,b0f066a214c2f5e87bad3c948f4d605d)
Start importing Assets/GeniusCrate_Games/Chair_sofa_set(interior)/Model/Chair_sofa_set/Hall_shofa.fbx using Guid(95cdbedb1cbf9864da6347bd48347d03) Importer(2089858483,b0f066a214c2f5e87bad3c948f4d605d) (ScriptedImporter) -> (artifact id: 'dbc7cebf12ad3dbb0e1d0ad761d32c03') in 0.004879583 seconds
Number of updated asset objects reloaded before import = 0Number of asset objects unloaded after import = 8

========================================================================
Received Import Request.
  Time since last request: 0.000049 seconds.
  path: Assets/GeniusCrate_Games/Chair_sofa_set(interior)/Prefab/Chair_sofa_set/Round_sofa.prefab
  artifactKey: Guid(d8541b2ba95c6874099f1d2f8d6d9f11) Importer(2089858483,b0f066a214c2f5e87bad3c948f4d605d)
Start importing Assets/GeniusCrate_Games/Chair_sofa_set(interior)/Prefab/Chair_sofa_set/Round_sofa.prefab using Guid(d8541b2ba95c6874099f1d2f8d6d9f11) Importer(2089858483,b0f066a214c2f5e87bad3c948f4d605d) (ScriptedImporter) -> (artifact id: 'd7a1ef4e710cca3dd24d41a00c1dc75c') in 0.0023155 seconds
Number of updated asset objects reloaded before import = 0Number of asset objects unloaded after import = 14

========================================================================
Received Import Request.
  Time since last request: 0.000146 seconds.
  path: Assets/GeniusCrate_Games/Chair_sofa_set(interior)/Material/Chair_sofa_set/Pillow_03.mat
  artifactKey: Guid(e6c2e24c26cbbc54ab3ba4bce8423389) Importer(2089858483,b0f066a214c2f5e87bad3c948f4d605d)
Start importing Assets/GeniusCrate_Games/Chair_sofa_set(interior)/Material/Chair_sofa_set/Pillow_03.mat using Guid(e6c2e24c26cbbc54ab3ba4bce8423389) Importer(2089858483,b0f066a214c2f5e87bad3c948f4d605d) (ScriptedImporter) -> (artifact id: 'dc6014c67861d658c70931454257cb71') in 0.0082805 seconds
Number of updated asset objects reloaded before import = 0Number of asset objects unloaded after import = 7

========================================================================
Received Import Request.
  Time since last request: 0.000094 seconds.
  path: Assets/GeniusCrate_Games/Chair_sofa_set(interior)/Texture Maps/Chair_sofa_set/Pillow_01/Pillows_BaseColor.png
  artifactKey: Guid(dea6e4f7b815e284ca68043c646c35be) Importer(2089858483,b0f066a214c2f5e87bad3c948f4d605d)
Start importing Assets/GeniusCrate_Games/Chair_sofa_set(interior)/Texture Maps/Chair_sofa_set/Pillow_01/Pillows_BaseColor.png using Guid(dea6e4f7b815e284ca68043c646c35be) Importer(2089858483,b0f066a214c2f5e87bad3c948f4d605d) (ScriptedImporter) -> (artifact id: '0213f9556f5bc7b493777d5f733a0409') in 0.0033425 seconds
Number of updated asset objects reloaded before import = 0Number of asset objects unloaded after import = 1

========================================================================
Received Import Request.
  Time since last request: 0.000079 seconds.
  path: Assets/GeniusCrate_Games/Chair_sofa_set(interior)/Prefab/Chair_sofa_set/Chair_05.prefab
  artifactKey: Guid(fbaefb587e391cc4ca9aac52f6d52c89) Importer(2089858483,b0f066a214c2f5e87bad3c948f4d605d)
Start importing Assets/GeniusCrate_Games/Chair_sofa_set(interior)/Prefab/Chair_sofa_set/Chair_05.prefab using Guid(fbaefb587e391cc4ca9aac52f6d52c89) Importer(2089858483,b0f066a214c2f5e87bad3c948f4d605d) (ScriptedImporter) -> (artifact id: '28ed7e4adb68a66f1062823f2b02bc41') in 0.002294542 seconds
Number of updated asset objects reloaded before import = 0Number of asset objects unloaded after import = 14

========================================================================
Received Import Request.
  Time since last request: 0.000117 seconds.
  path: Assets/GeniusCrate_Games/Chair_sofa_set(interior)/Texture Maps/Chair_sofa_set/Pillow_03/Pillows_Metallic.png
  artifactKey: Guid(2229359188d8d044293bf84bece3e66a) Importer(2089858483,b0f066a214c2f5e87bad3c948f4d605d)
Start importing Assets/GeniusCrate_Games/Chair_sofa_set(interior)/Texture Maps/Chair_sofa_set/Pillow_03/Pillows_Metallic.png using Guid(2229359188d8d044293bf84bece3e66a) Importer(2089858483,b0f066a214c2f5e87bad3c948f4d605d) (ScriptedImporter) -> (artifact id: '05010752f89aeb3f6c907fc838046c5e') in 0.00298675 seconds
Number of updated asset objects reloaded before import = 0Number of asset objects unloaded after import = 1

========================================================================
Received Import Request.
  Time since last request: 0.000063 seconds.
  path: Assets/GeniusCrate_Games/Chair_sofa_set(interior)/Prefab/Chair_sofa_set/Sofa_05.prefab
  artifactKey: Guid(c612e3337c0dc104cad3a7273353aa22) Importer(2089858483,b0f066a214c2f5e87bad3c948f4d605d)
Start importing Assets/GeniusCrate_Games/Chair_sofa_set(interior)/Prefab/Chair_sofa_set/Sofa_05.prefab using Guid(c612e3337c0dc104cad3a7273353aa22) Importer(2089858483,b0f066a214c2f5e87bad3c948f4d605d) (ScriptedImporter) -> (artifact id: '8c9217239d894d2c1155227f5a4c4b47') in 0.002386875 seconds
Number of updated asset objects reloaded before import = 0Number of asset objects unloaded after import = 14

========================================================================
Received Import Request.
  Time since last request: 0.000058 seconds.
  path: Assets/GeniusCrate_Games/Chair_sofa_set(interior)/Prefab/Chair_sofa_set/Sofa_03.prefab
  artifactKey: Guid(6746a45ee5760ce4d81395a7cbfb21b9) Importer(2089858483,b0f066a214c2f5e87bad3c948f4d605d)
Start importing Assets/GeniusCrate_Games/Chair_sofa_set(interior)/Prefab/Chair_sofa_set/Sofa_03.prefab using Guid(6746a45ee5760ce4d81395a7cbfb21b9) Importer(2089858483,b0f066a214c2f5e87bad3c948f4d605d) (ScriptedImporter) -> (artifact id: '931ae3a3ebb63a996ea9efc5c2b09f81') in 0.002497625 seconds
Number of updated asset objects reloaded before import = 0Number of asset objects unloaded after import = 14

========================================================================
Received Import Request.
  Time since last request: 0.000079 seconds.
  path: Assets/GeniusCrate_Games/Chair_sofa_set(interior)/Prefab/Chair_sofa_set/Sofa_04.prefab
  artifactKey: Guid(65b4ddc272d470249a696b830290f535) Importer(2089858483,b0f066a214c2f5e87bad3c948f4d605d)
Start importing Assets/GeniusCrate_Games/Chair_sofa_set(interior)/Prefab/Chair_sofa_set/Sofa_04.prefab using Guid(65b4ddc272d470249a696b830290f535) Importer(2089858483,b0f066a214c2f5e87bad3c948f4d605d) (ScriptedImporter) -> (artifact id: '3a7fba7c4c4aea066ee4655e8a281a4d') in 0.002240584 seconds
Number of updated asset objects reloaded before import = 0Number of asset objects unloaded after import = 14

========================================================================
Received Import Request.
  Time since last request: 0.000056 seconds.
  path: Assets/GeniusCrate_Games/Chair_sofa_set(interior)/Texture Maps/Chair_sofa_set/Chair_05/Chair_05_bc.png
  artifactKey: Guid(e6f5ab70be9dcba4e89a82e56cb4000b) Importer(2089858483,b0f066a214c2f5e87bad3c948f4d605d)
Start importing Assets/GeniusCrate_Games/Chair_sofa_set(interior)/Texture Maps/Chair_sofa_set/Chair_05/Chair_05_bc.png using Guid(e6f5ab70be9dcba4e89a82e56cb4000b) Importer(2089858483,b0f066a214c2f5e87bad3c948f4d605d) (ScriptedImporter) -> (artifact id: '7882e52ea311f88aef89b4634d90fc5d') in 0.005195791 seconds
Number of updated asset objects reloaded before import = 0Number of asset objects unloaded after import = 1

========================================================================
Received Import Request.
  Time since last request: 0.000104 seconds.
  path: Assets/GeniusCrate_Games/Chair_sofa_set(interior)/Texture Maps/Chair_sofa_set/Pillow_04/Pillows_BaseColor.png
  artifactKey: Guid(369c38fbb3c0ec04798145d4d466ea27) Importer(2089858483,b0f066a214c2f5e87bad3c948f4d605d)
Start importing Assets/GeniusCrate_Games/Chair_sofa_set(interior)/Texture Maps/Chair_sofa_set/Pillow_04/Pillows_BaseColor.png using Guid(369c38fbb3c0ec04798145d4d466ea27) Importer(2089858483,b0f066a214c2f5e87bad3c948f4d605d) (ScriptedImporter) -> (artifact id: '629f76ced0d9d6caa72b39752972cb13') in 0.003366542 seconds
Number of updated asset objects reloaded before import = 0Number of asset objects unloaded after import = 1

========================================================================
Received Import Request.
  Time since last request: 0.000041 seconds.
  path: Assets/GeniusCrate_Games/Chair_sofa_set(interior)/Model
  artifactKey: Guid(b8c08472c61ff4f458cf4a66b92fae46) Importer(2089858483,b0f066a214c2f5e87bad3c948f4d605d)
Start importing Assets/GeniusCrate_Games/Chair_sofa_set(interior)/Model using Guid(b8c08472c61ff4f458cf4a66b92fae46) Importer(2089858483,b0f066a214c2f5e87bad3c948f4d605d) (ScriptedImporter) -> (artifact id: 'bbd939abc397cff15e72ef59ed3a7523') in 0.001666625 seconds
Number of updated asset objects reloaded before import = 0Number of asset objects unloaded after import = 1

========================================================================
Received Import Request.
  Time since last request: 0.000059 seconds.
  path: Assets/GeniusCrate_Games/Chair_sofa_set(interior)/Texture Maps/Chair_sofa_set/Sofa_05
  artifactKey: Guid(576838790dd381945ae210cd87eaa887) Importer(2089858483,b0f066a214c2f5e87bad3c948f4d605d)
Start importing Assets/GeniusCrate_Games/Chair_sofa_set(interior)/Texture Maps/Chair_sofa_set/Sofa_05 using Guid(576838790dd381945ae210cd87eaa887) Importer(2089858483,b0f066a214c2f5e87bad3c948f4d605d) (ScriptedImporter) -> (artifact id: '07a1742f758532e9b0f9c7f203ff068c') in 0.001083959 seconds
Number of updated asset objects reloaded before import = 0Number of asset objects unloaded after import = 1

========================================================================
Received Import Request.
  Time since last request: 0.000051 seconds.
  path: Assets/GeniusCrate_Games/Chair_sofa_set(interior)/Texture Maps
  artifactKey: Guid(ae965db2cd76e23448537cd45f164d86) Importer(2089858483,b0f066a214c2f5e87bad3c948f4d605d)
Start importing Assets/GeniusCrate_Games/Chair_sofa_set(interior)/Texture Maps using Guid(ae965db2cd76e23448537cd45f164d86) Importer(2089858483,b0f066a214c2f5e87bad3c948f4d605d) (ScriptedImporter) -> (artifact id: '267d6a7c623fd2ed4c09871e467a4bc3') in 0.001245875 seconds
Number of updated asset objects reloaded before import = 0Number of asset objects unloaded after import = 1

========================================================================
Received Import Request.
  Time since last request: 0.000043 seconds.
  path: Assets/GeniusCrate_Games/Chair_sofa_set(interior)/Model/Chair_sofa_set/Chair_04.fbx
  artifactKey: Guid(cd4b7dc951cd2f846a7b5e674de96f10) Importer(2089858483,b0f066a214c2f5e87bad3c948f4d605d)
Start importing Assets/GeniusCrate_Games/Chair_sofa_set(interior)/Model/Chair_sofa_set/Chair_04.fbx using Guid(cd4b7dc951cd2f846a7b5e674de96f10) Importer(2089858483,b0f066a214c2f5e87bad3c948f4d605d) (ScriptedImporter) -> (artifact id: 'e54318c754ce91f774f7446f1f4106c4') in 0.003213 seconds
Number of updated asset objects reloaded before import = 0Number of asset objects unloaded after import = 8

========================================================================
Received Import Request.
  Time since last request: 0.000024 seconds.
  path: Assets/GeniusCrate_Games/Chair_sofa_set(interior)/Texture Maps/Chair_sofa_set/Hall_sofa/Hall_shofa_Normal.png
  artifactKey: Guid(d2c0992e3abbb3748a6bde9133ee0a9a) Importer(2089858483,b0f066a214c2f5e87bad3c948f4d605d)
Start importing Assets/GeniusCrate_Games/Chair_sofa_set(interior)/Texture Maps/Chair_sofa_set/Hall_sofa/Hall_shofa_Normal.png using Guid(d2c0992e3abbb3748a6bde9133ee0a9a) Importer(2089858483,b0f066a214c2f5e87bad3c948f4d605d) (ScriptedImporter) -> (artifact id: '622fca30aff2c0d5e4d9e52802b3320e') in 0.005606375 seconds
Number of updated asset objects reloaded before import = 0Number of asset objects unloaded after import = 1

========================================================================
Received Import Request.
  Time since last request: 0.000046 seconds.
  path: Assets/GeniusCrate_Games/Chair_sofa_set(interior)/Texture Maps/Chair_sofa_set/Chair_04
  artifactKey: Guid(778456c8a93fd3448b911c22a4f8c08b) Importer(2089858483,b0f066a214c2f5e87bad3c948f4d605d)
Start importing Assets/GeniusCrate_Games/Chair_sofa_set(interior)/Texture Maps/Chair_sofa_set/Chair_04 using Guid(778456c8a93fd3448b911c22a4f8c08b) Importer(2089858483,b0f066a214c2f5e87bad3c948f4d605d) (ScriptedImporter) -> (artifact id: 'fbc810b4700f150abfc353008f461900') in 0.001111375 seconds
Number of updated asset objects reloaded before import = 0Number of asset objects unloaded after import = 1

========================================================================
Received Import Request.
  Time since last request: 0.000045 seconds.
  path: Assets/GeniusCrate_Games/Chair_sofa_set(interior)/Texture Maps/Chair_sofa_set/Sofa_03/sofa_03_Normal.png
  artifactKey: Guid(7331701aa7ba18144b819d02d531d15a) Importer(2089858483,b0f066a214c2f5e87bad3c948f4d605d)
Start importing Assets/GeniusCrate_Games/Chair_sofa_set(interior)/Texture Maps/Chair_sofa_set/Sofa_03/sofa_03_Normal.png using Guid(7331701aa7ba18144b819d02d531d15a) Importer(2089858483,b0f066a214c2f5e87bad3c948f4d605d) (ScriptedImporter) -> (artifact id: 'd575b2b0b293e23a352fe52aded4f581') in 0.004440125 seconds
Number of updated asset objects reloaded before import = 0Number of asset objects unloaded after import = 1

========================================================================
Received Import Request.
  Time since last request: 0.000038 seconds.
  path: Assets/GeniusCrate_Games/Chair_sofa_set(interior)/Texture Maps/Chair_sofa_set/Sofa_05/Sofa_05_BaseColor.png
  artifactKey: Guid(0e05109cbaf3ce044a02d57f07131f0a) Importer(2089858483,b0f066a214c2f5e87bad3c948f4d605d)
Start importing Assets/GeniusCrate_Games/Chair_sofa_set(interior)/Texture Maps/Chair_sofa_set/Sofa_05/Sofa_05_BaseColor.png using Guid(0e05109cbaf3ce044a02d57f07131f0a) Importer(2089858483,b0f066a214c2f5e87bad3c948f4d605d) (ScriptedImporter) -> (artifact id: 'b2e5c4eecbfed6fb04a58dce8a5cee17') in 0.004262333 seconds
Number of updated asset objects reloaded before import = 0Number of asset objects unloaded after import = 1

========================================================================
Received Import Request.
  Time since last request: 0.000076 seconds.
  path: Assets/GeniusCrate_Games/Chair_sofa_set(interior)/Model/Chair_sofa_set/Sofa_01.fbx
  artifactKey: Guid(b0148092706d3ff448fde3b710951e3a) Importer(2089858483,b0f066a214c2f5e87bad3c948f4d605d)
Start importing Assets/GeniusCrate_Games/Chair_sofa_set(interior)/Model/Chair_sofa_set/Sofa_01.fbx using Guid(b0148092706d3ff448fde3b710951e3a) Importer(2089858483,b0f066a214c2f5e87bad3c948f4d605d) (ScriptedImporter) -> (artifact id: '37adece8ef2f889586ad8362edff9008') in 0.00336675 seconds
Number of updated asset objects reloaded before import = 0Number of asset objects unloaded after import = 8

========================================================================
Received Import Request.
  Time since last request: 0.000096 seconds.
  path: Assets/GeniusCrate_Games/Chair_sofa_set(interior)/Texture Maps/Chair_sofa_set/Sofa_02/Sofa_02_Normal.png
  artifactKey: Guid(ddbabb156968f05428e94def952df6c8) Importer(2089858483,b0f066a214c2f5e87bad3c948f4d605d)
Start importing Assets/GeniusCrate_Games/Chair_sofa_set(interior)/Texture Maps/Chair_sofa_set/Sofa_02/Sofa_02_Normal.png using Guid(ddbabb156968f05428e94def952df6c8) Importer(2089858483,b0f066a214c2f5e87bad3c948f4d605d) (ScriptedImporter) -> (artifact id: '3ab3cfed02aac86b2da12561a147e479') in 0.004403208 seconds
Number of updated asset objects reloaded before import = 0Number of asset objects unloaded after import = 1

========================================================================
Received Import Request.
  Time since last request: 0.000074 seconds.
  path: Assets/GeniusCrate_Games/Chair_sofa_set(interior)/Texture Maps/Chair_sofa_set/Sofa_05/Sofa_05_Normal.png
  artifactKey: Guid(f70d57c8d60c1894c99c270972ddfb1c) Importer(2089858483,b0f066a214c2f5e87bad3c948f4d605d)
Start importing Assets/GeniusCrate_Games/Chair_sofa_set(interior)/Texture Maps/Chair_sofa_set/Sofa_05/Sofa_05_Normal.png using Guid(f70d57c8d60c1894c99c270972ddfb1c) Importer(2089858483,b0f066a214c2f5e87bad3c948f4d605d) (ScriptedImporter) -> (artifact id: '98134a9e40b636866e647e23c57419b3') in 0.004984959 seconds
Number of updated asset objects reloaded before import = 0Number of asset objects unloaded after import = 1

========================================================================
Received Import Request.
  Time since last request: 0.000035 seconds.
  path: Assets/GeniusCrate_Games/Chair_sofa_set(interior)/Prefab/Chair_sofa_set/Sofa_02.prefab
  artifactKey: Guid(4b20fe1d49a417547a6838ab4e34ec16) Importer(2089858483,b0f066a214c2f5e87bad3c948f4d605d)
Start importing Assets/GeniusCrate_Games/Chair_sofa_set(interior)/Prefab/Chair_sofa_set/Sofa_02.prefab using Guid(4b20fe1d49a417547a6838ab4e34ec16) Importer(2089858483,b0f066a214c2f5e87bad3c948f4d605d) (ScriptedImporter) -> (artifact id: 'f1d0e0d8e9dfd91e2a8969d335488066') in 0.001719584 seconds
Number of updated asset objects reloaded before import = 0Number of asset objects unloaded after import = 44

========================================================================
Received Import Request.
  Time since last request: 0.000057 seconds.
  path: Assets/GeniusCrate_Games/Chair_sofa_set(interior)/Texture Maps/Chair_sofa_set/Sofa_01/Sofa_Metallic.png
  artifactKey: Guid(ef3e0fcc3d78dfa40b56baa45688ef62) Importer(2089858483,b0f066a214c2f5e87bad3c948f4d605d)
Start importing Assets/GeniusCrate_Games/Chair_sofa_set(interior)/Texture Maps/Chair_sofa_set/Sofa_01/Sofa_Metallic.png using Guid(ef3e0fcc3d78dfa40b56baa45688ef62) Importer(2089858483,b0f066a214c2f5e87bad3c948f4d605d) (ScriptedImporter) -> (artifact id: '1027b7b5645d1feff3efb6b3aa8f6675') in 0.005721333 seconds
Number of updated asset objects reloaded before import = 0Number of asset objects unloaded after import = 1

========================================================================
Received Import Request.
  Time since last request: 0.000047 seconds.
  path: Assets/GeniusCrate_Games/Chair_sofa_set(interior)/Prefab/Chair_sofa_set/Chair_06.prefab
  artifactKey: Guid(03060c963d5f4a0468ef63111edd0660) Importer(2089858483,b0f066a214c2f5e87bad3c948f4d605d)
Start importing Assets/GeniusCrate_Games/Chair_sofa_set(interior)/Prefab/Chair_sofa_set/Chair_06.prefab using Guid(03060c963d5f4a0468ef63111edd0660) Importer(2089858483,b0f066a214c2f5e87bad3c948f4d605d) (ScriptedImporter) -> (artifact id: '01e6bd591f29737d9d047dce9ed72b9a') in 0.002892833 seconds
Number of updated asset objects reloaded before import = 0Number of asset objects unloaded after import = 14

========================================================================
Received Import Request.
  Time since last request: 0.000063 seconds.
  path: Assets/GeniusCrate_Games/Chair_sofa_set(interior)/Model/Chair_sofa_set/Chair_02.fbx
  artifactKey: Guid(db64c4e76328a664dae614673cdca199) Importer(2089858483,b0f066a214c2f5e87bad3c948f4d605d)
Start importing Assets/GeniusCrate_Games/Chair_sofa_set(interior)/Model/Chair_sofa_set/Chair_02.fbx using Guid(db64c4e76328a664dae614673cdca199) Importer(2089858483,b0f066a214c2f5e87bad3c948f4d605d) (ScriptedImporter) -> (artifact id: '6587a1b466558b557173211f42c51c31') in 0.003335917 seconds
Number of updated asset objects reloaded before import = 0Number of asset objects unloaded after import = 8

========================================================================
Received Import Request.
  Time since last request: 0.000047 seconds.
  path: Assets/GeniusCrate_Games/Chair_sofa_set(interior)/Texture Maps/Chair_sofa_set/Sofa_05/Sofa_05_Height.png
  artifactKey: Guid(8041cea79aad60b4f9080d121290c398) Importer(2089858483,b0f066a214c2f5e87bad3c948f4d605d)
Start importing Assets/GeniusCrate_Games/Chair_sofa_set(interior)/Texture Maps/Chair_sofa_set/Sofa_05/Sofa_05_Height.png using Guid(8041cea79aad60b4f9080d121290c398) Importer(2089858483,b0f066a214c2f5e87bad3c948f4d605d) (ScriptedImporter) -> (artifact id: 'de2189246b05b4eca80374245703b624') in 0.004078375 seconds
Number of updated asset objects reloaded before import = 0Number of asset objects unloaded after import = 1

========================================================================
Received Import Request.
  Time since last request: 0.000045 seconds.
  path: Assets/GeniusCrate_Games/Chair_sofa_set(interior)/Material/Chair_sofa_set/Chair_05_mat.mat
  artifactKey: Guid(85f09e9f1ad2a924785fce476b28c1cb) Importer(2089858483,b0f066a214c2f5e87bad3c948f4d605d)
Start importing Assets/GeniusCrate_Games/Chair_sofa_set(interior)/Material/Chair_sofa_set/Chair_05_mat.mat using Guid(85f09e9f1ad2a924785fce476b28c1cb) Importer(2089858483,b0f066a214c2f5e87bad3c948f4d605d) (ScriptedImporter) -> (artifact id: '2459a69350b9c9215844fdacb250eaef') in 0.011338375 seconds
Number of updated asset objects reloaded before import = 0Number of asset objects unloaded after import = 7

========================================================================
Received Import Request.
  Time since last request: 0.000037 seconds.
  path: Assets/GeniusCrate_Games
  artifactKey: Guid(f14e4f11c0c97465bbe8af47c3adfe00) Importer(2089858483,b0f066a214c2f5e87bad3c948f4d605d)
Start importing Assets/GeniusCrate_Games using Guid(f14e4f11c0c97465bbe8af47c3adfe00) Importer(2089858483,b0f066a214c2f5e87bad3c948f4d605d) (ScriptedImporter) -> (artifact id: '96cbc4a6847135d0f7b8b1db376b5b04') in 0.001075666 seconds
Number of updated asset objects reloaded before import = 0Number of asset objects unloaded after import = 1

========================================================================
Received Import Request.
  Time since last request: 0.000025 seconds.
  path: Assets/GeniusCrate_Games/Chair_sofa_set(interior)/Texture Maps/Chair_sofa_set/Pillow_02/Pillows_ambient_occlusion.png
  artifactKey: Guid(3cbf34852ddcc924bb5c9321b285bbb0) Importer(2089858483,b0f066a214c2f5e87bad3c948f4d605d)
Start importing Assets/GeniusCrate_Games/Chair_sofa_set(interior)/Texture Maps/Chair_sofa_set/Pillow_02/Pillows_ambient_occlusion.png using Guid(3cbf34852ddcc924bb5c9321b285bbb0) Importer(2089858483,b0f066a214c2f5e87bad3c948f4d605d) (ScriptedImporter) -> (artifact id: 'f7256be3065bb61be2b0a511ff7d52b6') in 0.003677458 seconds
Number of updated asset objects reloaded before import = 0Number of asset objects unloaded after import = 1

========================================================================
Received Import Request.
  Time since last request: 0.000047 seconds.
  path: Assets/GeniusCrate_Games/Chair_sofa_set(interior)/Texture Maps/Chair_sofa_set/Chair_01/Chair_BaseColor.png
  artifactKey: Guid(93a4a79045a6dea4fb00898d14d767de) Importer(2089858483,b0f066a214c2f5e87bad3c948f4d605d)
Start importing Assets/GeniusCrate_Games/Chair_sofa_set(interior)/Texture Maps/Chair_sofa_set/Chair_01/Chair_BaseColor.png using Guid(93a4a79045a6dea4fb00898d14d767de) Importer(2089858483,b0f066a214c2f5e87bad3c948f4d605d) (ScriptedImporter) -> (artifact id: 'bce05003fd5e04dfceac9642f5c949a2') in 0.003955917 seconds
Number of updated asset objects reloaded before import = 0Number of asset objects unloaded after import = 1

========================================================================
Received Import Request.
  Time since last request: 0.000057 seconds.
  path: Assets/GeniusCrate_Games/Chair_sofa_set(interior)/Texture Maps/Chair_sofa_set/Chair_02
  artifactKey: Guid(69a8783a7d4046b4ebc73814d43f8111) Importer(2089858483,b0f066a214c2f5e87bad3c948f4d605d)
Start importing Assets/GeniusCrate_Games/Chair_sofa_set(interior)/Texture Maps/Chair_sofa_set/Chair_02 using Guid(69a8783a7d4046b4ebc73814d43f8111) Importer(2089858483,b0f066a214c2f5e87bad3c948f4d605d) (ScriptedImporter) -> (artifact id: 'd062b10cb8b125f23176b157953bafc5') in 0.001857459 seconds
Number of updated asset objects reloaded before import = 0Number of asset objects unloaded after import = 1

========================================================================
Received Import Request.
  Time since last request: 0.000044 seconds.
  path: Assets/GeniusCrate_Games/Chair_sofa_set(interior)/Texture Maps/Chair_sofa_set/Pillow_01/Pillows_ambient_occlusion.png
  artifactKey: Guid(a8bb5b83e6f586e4ab038d073238972d) Importer(2089858483,b0f066a214c2f5e87bad3c948f4d605d)
Start importing Assets/GeniusCrate_Games/Chair_sofa_set(interior)/Texture Maps/Chair_sofa_set/Pillow_01/Pillows_ambient_occlusion.png using Guid(a8bb5b83e6f586e4ab038d073238972d) Importer(2089858483,b0f066a214c2f5e87bad3c948f4d605d) (ScriptedImporter) -> (artifact id: '53f366fff9c70dd9e7067e7758436eb2') in 0.003408875 seconds
Number of updated asset objects reloaded before import = 0Number of asset objects unloaded after import = 1

========================================================================
Received Import Request.
  Time since last request: 0.000051 seconds.
  path: Assets/GeniusCrate_Games/Chair_sofa_set(interior)/Texture Maps/Chair_sofa_set/Round_sofa
  artifactKey: Guid(e994e4e496ff8d24b9979347a8408a24) Importer(2089858483,b0f066a214c2f5e87bad3c948f4d605d)
Start importing Assets/GeniusCrate_Games/Chair_sofa_set(interior)/Texture Maps/Chair_sofa_set/Round_sofa using Guid(e994e4e496ff8d24b9979347a8408a24) Importer(2089858483,b0f066a214c2f5e87bad3c948f4d605d) (ScriptedImporter) -> (artifact id: '88f520cc3a879d3614af2f3077d19bbb') in 0.001239792 seconds
Number of updated asset objects reloaded before import = 0Number of asset objects unloaded after import = 1

========================================================================
Received Import Request.
  Time since last request: 0.000046 seconds.
  path: Assets/GeniusCrate_Games/Chair_sofa_set(interior)/Texture Maps/Chair_sofa_set/Pillow_03/Pillows_Normal.png
  artifactKey: Guid(5d85190687fb84f4f84a0adc65040faf) Importer(2089858483,b0f066a214c2f5e87bad3c948f4d605d)
Start importing Assets/GeniusCrate_Games/Chair_sofa_set(interior)/Texture Maps/Chair_sofa_set/Pillow_03/Pillows_Normal.png using Guid(5d85190687fb84f4f84a0adc65040faf) Importer(2089858483,b0f066a214c2f5e87bad3c948f4d605d) (ScriptedImporter) -> (artifact id: '8c80826e611f39a5d52cb3a1a24d2ceb') in 0.005075958 seconds
Number of updated asset objects reloaded before import = 0Number of asset objects unloaded after import = 1

========================================================================
Received Import Request.
  Time since last request: 0.000043 seconds.
  path: Assets/GeniusCrate_Games/Chair_sofa_set(interior)/Texture Maps/Chair_sofa_set/Pillow_04/Pillows_Normal.png
  artifactKey: Guid(5dd794d1813fe974d9d21ba1c1d26dde) Importer(2089858483,b0f066a214c2f5e87bad3c948f4d605d)
Start importing Assets/GeniusCrate_Games/Chair_sofa_set(interior)/Texture Maps/Chair_sofa_set/Pillow_04/Pillows_Normal.png using Guid(5dd794d1813fe974d9d21ba1c1d26dde) Importer(2089858483,b0f066a214c2f5e87bad3c948f4d605d) (ScriptedImporter) -> (artifact id: 'fef46cc5be0469ef374e27b53d3f1fc2') in 0.009745625 seconds
Number of updated asset objects reloaded before import = 0Number of asset objects unloaded after import = 1

========================================================================
Received Import Request.
  Time since last request: 0.000051 seconds.
  path: Assets/GeniusCrate_Games/Chair_sofa_set(interior)/Texture Maps/Chair_sofa_set/Chair_02/Chair_02_Height.png
  artifactKey: Guid(5a08a4cd279b0d8438cda410d0123309) Importer(2089858483,b0f066a214c2f5e87bad3c948f4d605d)
Start importing Assets/GeniusCrate_Games/Chair_sofa_set(interior)/Texture Maps/Chair_sofa_set/Chair_02/Chair_02_Height.png using Guid(5a08a4cd279b0d8438cda410d0123309) Importer(2089858483,b0f066a214c2f5e87bad3c948f4d605d) (ScriptedImporter) -> (artifact id: '50dee72b8af029286cd372542dd950d8') in 0.006812042 seconds
Number of updated asset objects reloaded before import = 0Number of asset objects unloaded after import = 1

========================================================================
Received Import Request.
  Time since last request: 0.000073 seconds.
  path: Assets/GeniusCrate_Games/Chair_sofa_set(interior)/Texture Maps/Chair_sofa_set/Hall_sofa
  artifactKey: Guid(213762d0acdd9a24aa0731d2ea95e0a2) Importer(2089858483,b0f066a214c2f5e87bad3c948f4d605d)
Start importing Assets/GeniusCrate_Games/Chair_sofa_set(interior)/Texture Maps/Chair_sofa_set/Hall_sofa using Guid(213762d0acdd9a24aa0731d2ea95e0a2) Importer(2089858483,b0f066a214c2f5e87bad3c948f4d605d) (ScriptedImporter) -> (artifact id: '56e54f994005a7501b20c54963181d37') in 0.001226625 seconds
Number of updated asset objects reloaded before import = 0Number of asset objects unloaded after import = 1

========================================================================
Received Import Request.
  Time since last request: 0.000040 seconds.
  path: Assets/GeniusCrate_Games/Chair_sofa_set(interior)/Scenes/Chair_sofa_set(interior).unity
  artifactKey: Guid(20052c797fcd6f14f92eb64140bd8dac) Importer(2089858483,b0f066a214c2f5e87bad3c948f4d605d)
Start importing Assets/GeniusCrate_Games/Chair_sofa_set(interior)/Scenes/Chair_sofa_set(interior).unity using Guid(20052c797fcd6f14f92eb64140bd8dac) Importer(2089858483,b0f066a214c2f5e87bad3c948f4d605d) (ScriptedImporter) -> (artifact id: '74121eafaa39b0bb272950ec1239086f') in 0.002815709 seconds
Number of updated asset objects reloaded before import = 0Number of asset objects unloaded after import = 1

========================================================================
Received Import Request.
  Time since last request: 0.000046 seconds.
  path: Assets/GeniusCrate_Games/Chair_sofa_set(interior)/Model/Chair_sofa_set/Chair_05.fbx
  artifactKey: Guid(23f95f90adef2364c8b05f392cef8dc3) Importer(2089858483,b0f066a214c2f5e87bad3c948f4d605d)
Start importing Assets/GeniusCrate_Games/Chair_sofa_set(interior)/Model/Chair_sofa_set/Chair_05.fbx using Guid(23f95f90adef2364c8b05f392cef8dc3) Importer(2089858483,b0f066a214c2f5e87bad3c948f4d605d) (ScriptedImporter) -> (artifact id: '65b4b45808c3d5bc68d07e738f9e7ba7') in 0.00480325 seconds
Number of updated asset objects reloaded before import = 0Number of asset objects unloaded after import = 8

========================================================================
Received Import Request.
  Time since last request: 0.000051 seconds.
  path: Assets/GeniusCrate_Games/Chair_sofa_set(interior)/Texture Maps/Chair_sofa_set/Pillow_01/Pillows_Normal.png
  artifactKey: Guid(f0315932a02fe15448424e3681d2bafe) Importer(2089858483,b0f066a214c2f5e87bad3c948f4d605d)
Start importing Assets/GeniusCrate_Games/Chair_sofa_set(interior)/Texture Maps/Chair_sofa_set/Pillow_01/Pillows_Normal.png using Guid(f0315932a02fe15448424e3681d2bafe) Importer(2089858483,b0f066a214c2f5e87bad3c948f4d605d) (ScriptedImporter) -> (artifact id: '3c75327598abe3d03e197227841a8d80') in 0.003627375 seconds
Number of updated asset objects reloaded before import = 0Number of asset objects unloaded after import = 1

========================================================================
Received Import Request.
  Time since last request: 0.000039 seconds.
  path: Assets/GeniusCrate_Games/Chair_sofa_set(interior)/Model/Chair_sofa_set/Sofa_04.fbx
  artifactKey: Guid(b271a5411ec27cf438903e98ebd22ad6) Importer(2089858483,b0f066a214c2f5e87bad3c948f4d605d)
Start importing Assets/GeniusCrate_Games/Chair_sofa_set(interior)/Model/Chair_sofa_set/Sofa_04.fbx using Guid(b271a5411ec27cf438903e98ebd22ad6) Importer(2089858483,b0f066a214c2f5e87bad3c948f4d605d) (ScriptedImporter) -> (artifact id: '2151dc6fa5ff0bb1398f1c166dc015ed') in 0.003788208 seconds
Number of updated asset objects reloaded before import = 0Number of asset objects unloaded after import = 8

========================================================================
Received Import Request.
  Time since last request: 0.000057 seconds.
  path: Assets/GeniusCrate_Games/Chair_sofa_set(interior)/Texture Maps/Chair_sofa_set/Chair_01
  artifactKey: Guid(f9e9ce007dd27fb41ab9613668eee97e) Importer(2089858483,b0f066a214c2f5e87bad3c948f4d605d)
Start importing Assets/GeniusCrate_Games/Chair_sofa_set(interior)/Texture Maps/Chair_sofa_set/Chair_01 using Guid(f9e9ce007dd27fb41ab9613668eee97e) Importer(2089858483,b0f066a214c2f5e87bad3c948f4d605d) (ScriptedImporter) -> (artifact id: 'e7b1def9b3eafa389d0d4235c7148b90') in 0.001622625 seconds
Number of updated asset objects reloaded before import = 0Number of asset objects unloaded after import = 1

========================================================================
Received Import Request.
  Time since last request: 0.000038 seconds.
  path: Assets/GeniusCrate_Games/Chair_sofa_set(interior)/Texture Maps/Chair_sofa_set/Sofa_01/Sofa_Height.png
  artifactKey: Guid(b395d50c762ec5e43a55852f5d2a331a) Importer(2089858483,b0f066a214c2f5e87bad3c948f4d605d)
Start importing Assets/GeniusCrate_Games/Chair_sofa_set(interior)/Texture Maps/Chair_sofa_set/Sofa_01/Sofa_Height.png using Guid(b395d50c762ec5e43a55852f5d2a331a) Importer(2089858483,b0f066a214c2f5e87bad3c948f4d605d) (ScriptedImporter) -> (artifact id: '983d5b654d77a9c6dd6a99ca5ed4feaf') in 0.002968 seconds
Number of updated asset objects reloaded before import = 0Number of asset objects unloaded after import = 1

========================================================================
Received Import Request.
  Time since last request: 0.000056 seconds.
  path: Assets/GeniusCrate_Games/Chair_sofa_set(interior)/Texture Maps/Chair_sofa_set/Round_sofa/Round_sofa_ambient_occlusion.png
  artifactKey: Guid(0adfc250caa404e4690e1b5f6a846365) Importer(2089858483,b0f066a214c2f5e87bad3c948f4d605d)
Start importing Assets/GeniusCrate_Games/Chair_sofa_set(interior)/Texture Maps/Chair_sofa_set/Round_sofa/Round_sofa_ambient_occlusion.png using Guid(0adfc250caa404e4690e1b5f6a846365) Importer(2089858483,b0f066a214c2f5e87bad3c948f4d605d) (ScriptedImporter) -> (artifact id: '7bac1717724ec019dcfd192338e54819') in 0.004478667 seconds
Number of updated asset objects reloaded before import = 0Number of asset objects unloaded after import = 1

========================================================================
Received Import Request.
  Time since last request: 432.222302 seconds.
  path: Assets/Scenes/Pract4_part3/Lightmap-0_comp_dir.png
  artifactKey: Guid(2df85f45b74434b9b9e2e5a5050cdce7) Importer(2089858483,b0f066a214c2f5e87bad3c948f4d605d)
Start importing Assets/Scenes/Pract4_part3/Lightmap-0_comp_dir.png using Guid(2df85f45b74434b9b9e2e5a5050cdce7) Importer(2089858483,b0f066a214c2f5e87bad3c948f4d605d) (ScriptedImporter) -> (artifact id: '7d665721580273ccc4faf276c7efe1b7') in 0.007063667 seconds
Number of updated asset objects reloaded before import = 0Number of asset objects unloaded after import = 1

========================================================================
Received Import Request.
  Time since last request: 0.000062 seconds.
  path: Assets/Scenes/Pract4_part3
  artifactKey: Guid(f5ddbf03c8dd145ada9f0d27a36e92f4) Importer(2089858483,b0f066a214c2f5e87bad3c948f4d605d)
Start importing Assets/Scenes/Pract4_part3 using Guid(f5ddbf03c8dd145ada9f0d27a36e92f4) Importer(2089858483,b0f066a214c2f5e87bad3c948f4d605d) (ScriptedImporter) -> (artifact id: '90def9f8a7010cd262a5e939ca3012f7') in 0.001161083 seconds
Number of updated asset objects reloaded before import = 0Number of asset objects unloaded after import = 1

========================================================================
Received Import Request.
  Time since last request: 0.000064 seconds.
  path: Assets/Scenes/Pract4_part3/Lightmap-0_comp_shadowmask.png
  artifactKey: Guid(73dee47fb230843d59fe3bebb0c3d4a1) Importer(2089858483,b0f066a214c2f5e87bad3c948f4d605d)
Start importing Assets/Scenes/Pract4_part3/Lightmap-0_comp_shadowmask.png using Guid(73dee47fb230843d59fe3bebb0c3d4a1) Importer(2089858483,b0f066a214c2f5e87bad3c948f4d605d) (ScriptedImporter) -> (artifact id: 'e278f859d5eec0998ba5a3a95fb92f93') in 0.012644792 seconds
Number of updated asset objects reloaded before import = 0Number of asset objects unloaded after import = 1

========================================================================
Received Import Request.
  Time since last request: 150.999046 seconds.
  path: Assets/Materials/New Material.mat
  artifactKey: Guid(4d1b829be2e734d85bef78f3052a957d) Importer(2089858483,b0f066a214c2f5e87bad3c948f4d605d)
Start importing Assets/Materials/New Material.mat using Guid(4d1b829be2e734d85bef78f3052a957d) Importer(2089858483,b0f066a214c2f5e87bad3c948f4d605d) (ScriptedImporter) -> (artifact id: '287b380dd656ec830375e396944894c3') in 0.002286458 seconds
Number of updated asset objects reloaded before import = 0Number of asset objects unloaded after import = 1

========================================================================
Received Prepare
Begin MonoManager ReloadAssembly
[Licensing::Client] Successfully resolved entitlement details
Thread 0x16e01f000 may have been prematurely finalized
- Loaded All Assemblies, in  0.337 seconds
Refreshing native plugins compatible for Editor in 0.19 ms, found 1 plugins.
Native extension for OSXStandalone target not found
[Package Manager] Failed to launch server process. Reason: Unity was launched with the -noUpm command-line argument
[Package Manager] Unable to send message (not connected to server process).
[Package Manager] Cannot connect to Unity Package Manager local server
System.Exception: Error! Visual Scripting: couldn't find visual scripting package
  at Unity.VisualScripting.PackageVersionUtility.get_version () [0x00043] in ./Library/PackageCache/com.unity.visualscripting@191c0d7e3b69/Editor/VisualScripting.Core/Utilities/PackageVersionUtility.cs:31 
  at Unity.VisualScripting.BoltCoreManifest.get_version () [0x00000] in ./Library/PackageCache/com.unity.visualscripting@191c0d7e3b69/Editor/VisualScripting.Core/Plugin/BoltCoreManifest.cs:11 
  at Unity.VisualScripting.PluginManifest.get_currentVersion () [0x00000] in ./Library/PackageCache/com.unity.visualscripting@191c0d7e3b69/Editor/VisualScripting.Core/Plugins/PluginManifest.cs:33 
  at Unity.VisualScripting.PluginManifest.get_versionMismatch () [0x00000] in ./Library/PackageCache/com.unity.visualscripting@191c0d7e3b69/Editor/VisualScripting.Core/Plugins/PluginManifest.cs:48 
  at Unity.VisualScripting.PluginContainer.Initialize () [0x00525] in ./Library/PackageCache/com.unity.visualscripting@191c0d7e3b69/Editor/VisualScripting.Core/Plugins/PluginContainer.cs:208 
  at Unity.VisualScripting.PluginContainer.InitializeOnLoad () [0x00009] in ./Library/PackageCache/com.unity.visualscripting@191c0d7e3b69/Editor/VisualScripting.Core/Plugins/PluginContainer.cs:32 
  at Unity.VisualScripting.VSUsageUtility.DoInitializeOnLoadCalls () [0x00034] in ./Library/PackageCache/com.unity.visualscripting@191c0d7e3b69/Editor/VisualScripting.Core/Utilities/VSUsageUtility.cs:76 
  at Unity.VisualScripting.VSUsageUtility.set_isVisualScriptingUsed (System.Boolean value) [0x0002c] in ./Library/PackageCache/com.unity.visualscripting@191c0d7e3b69/Editor/VisualScripting.Core/Utilities/VSUsageUtility.cs:114 
  at Unity.VisualScripting.VSUsageUtility.CheckAndSetIsVisualScriptingUsed () [0x0000d] in ./Library/PackageCache/com.unity.visualscripting@191c0d7e3b69/Editor/VisualScripting.Core/Utilities/VSUsageUtility.cs:33 
  at Unity.VisualScripting.VSUsageUtility..cctor () [0x00000] in ./Library/PackageCache/com.unity.visualscripting@191c0d7e3b69/Editor/VisualScripting.Core/Utilities/VSUsageUtility.cs:22 
UnityEngine.Debug:ExtractStackTraceNoAlloc (byte*,int,string)
UnityEngine.StackTraceUtility:ExtractStackTrace () (at /Users/bokken/build/output/unity/unity/Runtime/Export/Scripting/StackTrace.cs:35)
UnityEngine.DebugLogHandler:Internal_Log (UnityEngine.LogType,UnityEngine.LogOption,string,UnityEngine.Object)
UnityEngine.DebugLogHandler:LogFormat (UnityEngine.LogType,UnityEngine.Object,string,object[])
UnityEngine.Logger:Log (UnityEngine.LogType,object)
UnityEngine.Debug:LogError (object)
UnityEditor.EditorAssemblies:ProcessInitializeOnLoadAttributes (System.Type[]) (at /Users/bokken/build/output/unity/unity/Editor/Mono/EditorAssemblies.cs:132)

(Filename: /Users/bokken/build/output/unity/unity/Editor/Mono/EditorAssemblies.cs Line: 132)

ScheduleIndexationOnStartup MainProcess:False IndexOnStartup:True
Mono: successfully reloaded assembly
- Finished resetting the current domain, in  0.507 seconds
Domain Reload Profiling: 846ms
	BeginReloadAssembly (112ms)
		ExecutionOrderSort (0ms)
		DisableScriptedObjects (4ms)
		BackupInstance (0ms)
		ReleaseScriptingObjects (0ms)
		CreateAndSetChildDomain (35ms)
	RebuildCommonClasses (17ms)
	RebuildNativeTypeToScriptingClass (6ms)
	initialDomainReloadingComplete (11ms)
	LoadAllAssembliesAndSetupDomain (193ms)
		LoadAssemblies (144ms)
		RebuildTransferFunctionScriptingTraits (0ms)
		AnalyzeDomain (78ms)
			TypeCache.Refresh (5ms)
				TypeCache.ScanAssembly (0ms)
			BuildScriptInfoCaches (67ms)
			ResolveRequiredComponents (4ms)
	FinalizeReload (508ms)
		ReleaseScriptCaches (0ms)
		RebuildScriptCaches (0ms)
		SetupLoadedEditorAssemblies (315ms)
			LogAssemblyErrors (0ms)
			InitializePlatformSupportModulesInManaged (1ms)
			SetLoadedEditorAssemblies (3ms)
			BeforeProcessingInitializeOnLoad (63ms)
			ProcessInitializeOnLoadAttributes (221ms)
			ProcessInitializeOnLoadMethodAttributes (27ms)
			AfterProcessingInitializeOnLoad (1ms)
			EditorAssembliesLoaded (0ms)
		ExecutionOrderSort2 (0ms)
		AwakeInstancesAfterBackupRestoration (4ms)
WARNING: Shader Unsupported: 'Universal Render Pipeline/VR/SpatialMapping/Wireframe' - All subshaders removed
WARNING: Shader Did you use #pragma only_renderers and omit this platform?
WARNING: Shader If subshaders removal was intentional, you may have forgotten turning Fallback off?
WARNING: Shader Unsupported: 'Universal Render Pipeline/VR/SpatialMapping/Wireframe' - All subshaders removed
WARNING: Shader Did you use #pragma only_renderers and omit this platform?
WARNING: Shader If subshaders removal was intentional, you may have forgotten turning Fallback off?
Refreshing native plugins compatible for Editor in 0.35 ms, found 1 plugins.
Preloading 0 native plugins for Editor in 0.00 ms.
Unloading 29 Unused Serialized files (Serialized files now loaded: 0)
Unloading 6288 unused Assets / (4.6 MB). Loaded Objects now: 7125.
Memory consumption went from 177.8 MB to 173.2 MB.
Total: 10.536458 ms (FindLiveObjects: 0.233542 ms CreateObjectMapping: 0.098583 ms MarkObjects: 9.052208 ms  DeleteObjects: 1.151917 ms)

Prepare: number of updated asset objects reloaded= 0
